passer_player_id,passer_player_name,week,passing_yards,passing_tds,interceptions,pass_attempts,rusher_player_id,rushing_yards,rushing_tds,fumbles_lost,fantasy_points,recent_team,opponent_team,def_qb_fp_allowed_roll5,qb_fp_roll5,league_qb_fp_allowed,proj_baseline,proj_adj,def_delta,proj_shrunk_02
00-0022942,P.Rivers,15,120.0,1.0,1.0,28.0,00-0022942,0.0,0.0,0.0,6.8,IND,SEA,9.454000091552734,,16.586876,,,-7.13287582397461,
00-0022942,P.Rivers,16,277.0,2.0,1.0,37.0,,0.0,0.0,0.0,17.08,IND,SF,15.464000225067139,6.800000190734863,13.793646,6.800000190734863,8.470354557037354,1.6703543663024902,7.1340710639953615
00-0023459,A.Rodgers,1,244.0,4.0,0.0,34.0,00-0023459,-1.0,0.0,0.0,25.66,PIT,NYJ,16.28249979019165,6.800000190734863,17.265,6.800000190734863,5.817500591278076,-0.9824995994567871,6.603500270843506
00-0023459,A.Rodgers,2,203.0,1.0,2.0,37.0,00-0023459,3.0,0.0,0.0,8.42,PIT,SEA,17.695000648498535,16.230000019073486,16.66625,16.230000019073486,17.258750438690186,1.0287504196166992,16.435750102996828
00-0023459,A.Rodgers,3,139.0,2.0,1.0,23.0,00-0023459,1.0,0.0,0.0,11.66,PIT,NE,12.015000000596046,13.626666704813639,13.318125,13.626666704813639,12.323541934291521,-1.3031247705221176,13.366041750709215
00-0023459,A.Rodgers,4,200.0,1.0,0.0,24.0,00-0023459,8.0,0.0,0.0,12.8,PIT,MIN,12.352500081062317,13.134999990463257,15.64,13.134999990463257,9.84749972820282,-3.287500262260437,12.477499938011169
00-0023459,A.Rodgers,6,235.0,2.0,0.0,30.0,00-0023459,1.0,0.0,0.0,17.5,PIT,CLE,13.793999862670898,14.634999990463257,15.825,14.634999990463257,12.604000043869018,-2.030999946594239,14.228800001144409
00-0023459,A.Rodgers,7,249.0,4.0,2.0,34.0,00-0023459,6.0,0.0,0.0,22.56,PIT,CIN,17.50999984741211,15.207999992370606,15.190001,15.207999992370606,17.5279993057251,2.3199993133544936,15.671999855041506
00-0023459,A.Rodgers,8,219.0,2.0,0.0,40.0,,0.0,0.0,0.0,16.76,PIT,GB,18.172000408172607,14.58799991607666,15.449999,14.58799991607666,17.31000146865845,2.722001552581787,15.132400226593017
00-0023459,A.Rodgers,9,203.0,1.0,0.0,38.0,00-0023459,0.0,0.0,0.0,12.12,PIT,IND,18.935999488830568,16.255999946594237,17.785,16.255999946594237,17.406999588012695,1.1509996414184585,16.48619987487793
00-0023459,A.Rodgers,10,161.0,1.0,2.0,34.0,,0.0,0.0,0.0,6.4400005,PIT,LAC,10.211999988555908,16.34799995422363,14.004286,16.34799995422363,12.55571413040161,-3.792285823822022,15.589542789459227
00-0023459,A.Rodgers,11,116.0,1.0,0.0,16.0,00-0023459,8.0,0.0,0.0,9.44,PIT,CIN,18.063999557495116,15.076000022888184,13.483999,15.076000022888184,19.656000328063964,4.58000030517578,15.99200008392334
00-0023459,A.Rodgers,13,117.0,0.0,0.0,22.0,00-0023459,0.0,0.0,0.0,4.68,PIT,BUF,11.151999759674073,13.463999938964843,14.141562,13.463999938964843,10.474437236785889,-2.9895627021789544,12.866087398529052
00-0023459,A.Rodgers,14,284.0,1.0,0.0,34.0,00-0023459,0.0,1.0,0.0,21.36,PIT,BAL,11.495999574661255,9.888000011444092,14.376429,9.888000011444092,7.00757098197937,-2.8804290294647217,9.311914205551147
00-0023459,A.Rodgers,15,224.0,2.0,0.0,30.0,,0.0,0.0,0.0,16.96,PIT,MIA,15.612000060081481,10.808000087738037,16.586876,10.808000087738037,9.833124232292175,-0.9748758554458625,10.613024916648865
00-0023459,A.Rodgers,16,266.0,1.0,0.0,43.0,00-0023459,9.0,0.0,0.0,15.54,PIT,DET,18.250000381469725,11.775999927520752,13.793646,11.775999927520752,16.232354450225827,4.456354522705077,12.667270832061767
00-0026158,J.Flacco,1,290.0,1.0,2.0,47.0,00-0026158,6.0,0.0,0.0,12.200001,CLE,CIN,12.145000338554382,13.109999775886536,17.265,13.109999775886536,7.9900007247924805,-5.119999051094055,12.085999965667725
00-0026158,J.Flacco,2,199.0,1.0,1.0,47.0,00-0026158,8.0,0.0,0.0,10.76,CLE,BAL,24.87000036239624,13.800000071525574,16.66625,13.800000071525574,22.003750205039978,8.203750133514404,15.440750098228454
00-0026158,J.Flacco,3,142.0,0.0,1.0,38.0,,0.0,0.0,0.0,3.6799998,CLE,GB,16.265000581741333,15.320000171661377,13.318125,15.320000171661377,18.266875982284546,2.946875810623169,15.909375333786011
00-0026158,J.Flacco,4,184.0,0.0,2.0,37.0,00-0026158,-1.0,0.0,0.0,3.2600002,CLE,DET,18.617500066757202,10.899999976158142,15.64,10.899999976158142,13.87749969959259,2.9774997234344482,11.495499920845031
00-0026158,J.Flacco,6,219.0,2.0,0.0,47.0,,0.0,0.0,0.0,16.76,CIN,GB,15.81000030040741,7.475000262260437,15.825,7.475000262260437,7.46000075340271,-0.01499950885772705,7.472000360488892
00-0026158,J.Flacco,7,342.0,3.0,0.0,49.0,00-0026158,3.0,0.0,0.0,25.98,CIN,PIT,18.916000366210938,9.332000255584717,15.190001,9.332000255584717,13.058000087738037,3.7259998321533203,10.077200222015382
00-0026158,J.Flacco,8,223.0,2.0,0.0,35.0,00-0026158,14.0,1.0,0.0,24.32,CIN,NYJ,16.279999828338624,12.088000011444091,15.449999,12.088000011444091,12.918000984191895,0.8300009727478042,12.254000205993652
00-0026158,J.Flacco,9,470.0,4.0,2.0,51.0,00-0026158,-1.0,0.0,0.0,30.699999,CIN,CHI,13.104000282287597,14.799999904632568,17.785,14.799999904632568,10.119000339508055,-4.680999565124512,13.863799991607666
00-0026158,J.Flacco,11,199.0,1.0,1.0,41.0,00-0026158,-1.0,0.0,0.0,9.86,CIN,PIT,18.77999973297119,20.203999710083007,13.483999,20.203999710083007,25.500000190734863,5.2960004806518555,21.26319980621338
00-0026158,J.Flacco,12,183.0,1.0,1.0,38.0,00-0026158,3.0,0.0,0.0,9.62,CIN,NE,15.853999900817872,21.52399959564209,13.55,21.52399959564209,23.827999305725097,2.3039997100830085,21.98479953765869
00-0026158,J.Flacco,16,4.0,0.0,0.0,1.0,,0.0,0.0,0.0,0.16,CIN,MIA,13.891999983787537,20.09599952697754,13.793646,20.09599952697754,20.19435365200043,0.09835412502288854,20.115670351982118
00-0026300,J.Johnson,16,43.0,0.0,1.0,10.0,00-0026300,0.0,0.0,0.0,-0.27999997,WAS,PHI,12.807999753952027,18.624999523162842,13.793646,18.624999523162842,17.63935341835022,-0.9856461048126217,18.42787030220032
00-0026300,J.Johnson,17,198.0,0.0,0.0,24.0,00-0026300,10.0,0.0,0.0,8.92,WAS,DAL,26.03199996948242,12.474999606609344,10.346666,12.474999606609344,28.160333240032195,15.68533363342285,15.612066333293914
00-0026498,M.Stafford,1,245.0,1.0,0.0,32.0,00-0026498,-2.0,0.0,0.0,13.6,LA,HOU,14.855000138282776,6.3999998569488525,17.265,6.3999998569488525,3.990000605583191,-2.4099992513656616,5.918000006675721
00-0026498,M.Stafford,2,298.0,2.0,1.0,34.0,00-0026498,-6.0,0.0,0.0,17.32,LA,TEN,19.165000438690186,7.646666765213013,16.66625,7.646666765213013,10.145416975021362,2.4987502098083496,8.146416807174683
00-0026498,M.Stafford,3,196.0,2.0,1.0,34.0,,0.0,0.0,0.0,13.84,LA,PHI,20.81999981403351,10.213333368301392,13.318125,10.213333368301392,17.715208411216736,7.501875042915344,11.71370837688446
00-0026498,M.Stafford,4,375.0,3.0,0.0,44.0,00-0026498,4.0,0.0,0.0,27.4,LA,IND,14.044999718666077,11.120000064373016,15.64,11.120000064373016,9.524999439716339,-1.5950006246566772,10.800999939441681
00-0026498,M.Stafford,5,389.0,3.0,0.0,48.0,00-0026498,0.0,0.0,1.0,25.560001,LA,SF,13.699999690055847,18.039999961853027,16.651785,18.039999961853027,15.088214755058289,-2.9517852067947388,17.449642920494078
00-0026498,M.Stafford,6,181.0,1.0,0.0,28.0,00-0026498,1.0,0.0,0.0,11.34,LA,BAL,20.29800033569336,19.544000244140626,15.825,19.544000244140626,24.01700077056885,4.473000526428223,20.43860034942627
00-0026498,M.Stafford,7,182.0,5.0,0.0,33.0,00-0026498,1.0,0.0,0.0,27.380001,LA,JAX,17.426000022888182,19.092000198364257,15.190001,19.092000198364257,21.327999687194822,2.235999488830565,19.53920009613037
00-0026498,M.Stafford,9,281.0,4.0,0.0,34.0,00-0026498,-4.0,0.0,0.0,26.84,LA,NO,15.687999725341797,21.10400047302246,17.785,21.10400047302246,19.007000350952147,-2.0970001220703125,20.684600448608396
00-0026498,M.Stafford,10,280.0,4.0,0.0,37.0,00-0026498,-3.0,0.0,0.0,26.900002,LA,SF,21.680000495910644,23.70400047302246,14.004286,23.70400047302246,31.379715156555175,7.675714683532714,25.239143409729003
00-0026498,M.Stafford,11,130.0,2.0,0.0,28.0,,0.0,0.0,0.0,13.2,LA,SEA,16.693999671936034,23.604000854492188,13.483999,23.604000854492188,26.814001274108886,3.210000419616698,24.246000938415527
00-0026498,M.Stafford,12,273.0,3.0,0.0,36.0,,0.0,0.0,0.0,22.92,LA,TB,17.555999851226808,21.132000541687013,13.55,21.132000541687013,25.138000202178958,4.005999660491945,21.9332004737854
00-0026498,M.Stafford,13,243.0,2.0,2.0,30.0,00-0026498,-1.0,0.0,0.0,13.620001,LA,CAR,8.777999973297119,23.448000526428224,14.141562,23.448000526428224,18.084438037872317,-5.363562488555909,22.375288028717044
00-0026498,M.Stafford,14,281.0,3.0,0.0,31.0,,0.0,0.0,0.0,23.24,LA,ARI,15.043999671936035,20.696000480651854,14.376429,20.696000480651854,21.363571548461913,0.6675710678100586,20.829514694213866
00-0026498,M.Stafford,15,368.0,2.0,1.0,40.0,00-0026498,2.0,0.0,0.0,20.920002,LA,DET,17.810000228881837,19.97600040435791,16.586876,19.97600040435791,21.199124717712404,1.223124313354493,20.22062526702881
00-0026498,M.Stafford,16,457.0,3.0,0.0,49.0,00-0026498,6.0,0.0,0.0,30.880001,LA,SEA,8.672000122070312,18.780000495910645,13.793646,18.780000495910645,13.658354759216309,-5.121645736694337,17.755671348571777
00-0027973,A.Dalton,4,58.0,1.0,0.0,6.0,,0.0,0.0,0.0,6.3199997,CAR,NE,11.93999995291233,20.17500066757202,15.64,20.17500066757202,16.475000277161598,-3.7000003904104233,19.43500058948994
00-0027973,A.Dalton,7,60.0,0.0,0.0,8.0,00-0027973,-2.0,0.0,0.0,2.2,CAR,NYJ,16.2879997253418,16.02500057220459,15.190001,16.02500057220459,17.12299976348877,1.097999191284181,16.244600410461427
00-0027973,A.Dalton,8,175.0,0.0,1.0,31.0,00-0027973,1.0,0.0,1.0,3.1,CAR,BUF,10.338000106811524,13.17000037431717,15.449999,13.17000037431717,8.058001625537873,-5.111998748779296,12.14760062456131
00-0028118,T.Taylor,2,56.0,1.0,0.0,13.0,00-0028118,21.0,0.0,0.0,8.34,NYJ,BUF,18.864999771118164,9.813333908716837,16.66625,9.813333908716837,12.012083450953165,2.198749542236328,10.253083817164102
00-0028118,T.Taylor,3,197.0,2.0,1.0,40.0,00-0028118,48.0,0.0,0.0,18.68,NYJ,TB,14.820000052452087,5.619999965031941,13.318125,5.619999965031941,7.121875246365865,1.5018752813339233,5.920375021298726
00-0028118,T.Taylor,7,126.0,0.0,2.0,25.0,00-0028118,11.0,0.0,0.0,2.1399999,NYJ,CAR,14.611999464035033,8.885000050067902,15.190001,8.885000050067902,8.306998980045318,-0.5780010700225837,8.769399836063386
00-0028118,T.Taylor,12,222.0,1.0,1.0,31.0,00-0028118,19.0,0.0,0.0,12.78,NYJ,BAL,9.719999933242798,7.840000092983246,13.55,7.840000092983246,4.009999835491181,-3.830000257492065,7.074000041484833
00-0028118,T.Taylor,13,172.0,1.0,0.0,35.0,00-0028118,44.0,1.0,0.0,21.28,NYJ,ATL,16.51800012588501,10.485000014305115,14.141562,10.485000014305115,12.861437678337097,2.3764376640319824,10.96028754711151
00-0028118,T.Taylor,14,6.0,0.0,1.0,4.0,,0.0,0.0,0.0,-1.76,NYJ,MIA,16.960000038146973,12.644000148773193,14.376429,12.644000148773193,15.227571582794189,2.583571434020996,13.160714435577392
00-0029263,R.Wilson,1,168.0,0.0,0.0,39.0,00-0029263,44.0,0.0,0.0,11.12,NYG,WAS,20.88749933242798,13.720000147819519,17.265,13.720000147819519,17.34250009059906,3.622499942779541,14.444500136375428
00-0029263,R.Wilson,2,450.0,3.0,1.0,44.0,00-0029263,23.0,0.0,0.0,30.3,NYG,DAL,17.13749933242798,11.830000042915344,16.66625,11.830000042915344,12.301249146461487,0.4712491035461426,11.924249863624572
00-0029263,R.Wilson,3,160.0,0.0,2.0,34.0,00-0029263,27.0,0.0,0.0,5.1000004,NYG,KC,13.487500667572021,18.869999885559082,13.318125,18.869999885559082,19.03937578201294,0.16937589645385742,18.903875064849853
00-0029263,R.Wilson,4,8.0,0.0,0.0,2.0,,0.0,0.0,0.0,0.32,NYG,LAC,17.040000200271606,16.950000047683716,15.64,16.950000047683716,18.34999990463257,1.3999998569488525,17.230000019073486
00-0029263,R.Wilson,6,0.0,0.0,0.0,1.0,,0.0,0.0,0.0,0.0,NYG,PHI,14.312000179290772,11.7099998742342,15.825,11.7099998742342,10.197000244259835,-1.5129996299743649,11.407399948239327
00-0029263,R.Wilson,10,45.0,0.0,0.0,9.0,00-0029263,12.0,0.0,0.0,3.0,NYG,CHI,18.276000022888184,9.36799989938736,14.004286,9.36799989938736,13.639714109897614,4.271714210510254,10.222342741489411
00-0029604,K.Cousins,3,29.0,0.0,0.0,7.0,,0.0,0.0,0.0,1.16,ATL,CAR,17.045000076293945,8.929999902844429,13.318125,8.929999902844429,12.65687520802021,3.7268753051757812,9.675374963879586
00-0029604,K.Cousins,8,173.0,0.0,0.0,32.0,00-0029604,2.0,0.0,0.0,7.12,ATL,MIA,17.756000518798828,1.645000085234642,15.449999,1.645000085234642,3.95100174844265,2.306001663208008,2.1062004178762437
00-0029604,K.Cousins,11,48.0,0.0,0.0,14.0,00-0029604,2.0,0.0,0.0,2.12,ATL,CAR,11.397999715805053,2.149999961256981,13.483999,2.149999961256981,0.06400042474269796,-2.085999536514283,1.7328000539541244
00-0029604,K.Cousins,12,199.0,2.0,1.0,26.0,00-0029604,5.0,0.0,0.0,14.46,ATL,NO,12.87999963760376,2.5999999344348907,13.55,2.5999999344348907,1.9299993813037872,-0.6700005531311035,2.46599982380867
00-0029604,K.Cousins,13,234.0,1.0,0.0,35.0,,0.0,0.0,0.0,13.36,ATL,NYJ,14.683999824523926,6.214999943971634,14.141562,6.214999943971634,6.757437306642533,0.5424373626708991,6.323487416505814
00-0029604,K.Cousins,14,162.0,0.0,2.0,31.0,,0.0,0.0,0.0,2.48,ATL,SEA,12.001999950408935,7.6439998865127565,14.376429,7.6439998865127565,5.269571232795715,-2.3744286537170414,7.169114155769348
00-0029604,K.Cousins,15,373.0,3.0,0.0,47.0,,0.0,0.0,0.0,26.92,ATL,TB,24.920000076293945,7.907999897003174,16.586876,7.907999897003174,16.241124057769774,8.333124160766602,9.574624729156495
00-0029604,K.Cousins,16,197.0,2.0,1.0,36.0,00-0029604,-3.0,1.0,1.0,17.58,ATL,ARI,19.90799961090088,11.867999935150147,13.793646,11.867999935150147,17.982353687286377,6.114353752136232,13.090870685577393
00-0030565,G.Smith,1,362.0,1.0,1.0,38.0,00-0030565,10.0,0.0,0.0,17.48,LV,NE,4.3524999767541885,14.304999947547913,17.265,14.304999947547913,1.3925005346536636,-12.912499412894249,11.722500064969063
00-0030565,G.Smith,2,180.0,0.0,3.0,46.0,00-0030565,20.0,0.0,0.0,3.1999998,LV,LAC,23.28000020980835,15.059999823570251,16.66625,15.059999823570251,21.673749804496765,6.613749980926514,16.382749819755553
00-0030565,G.Smith,3,289.0,3.0,0.0,35.0,00-0030565,5.0,0.0,0.0,24.060001,LV,WAS,19.557499647140503,12.519999861717224,13.318125,12.519999861717224,18.759374737739563,6.239374876022339,13.767874836921692
00-0030565,G.Smith,4,117.0,2.0,3.0,21.0,00-0030565,31.0,0.0,0.0,9.780001,LV,CHI,17.014999628067017,17.915000200271606,15.64,17.915000200271606,19.28999948501587,1.3749992847442627,18.19000005722046
00-0030565,G.Smith,5,228.0,0.0,2.0,40.0,00-0030565,8.0,0.0,0.0,5.92,LV,IND,15.75499975681305,13.630000352859497,16.651785,13.630000352859497,12.73321521282196,-0.8967851400375366,13.45064332485199
00-0030565,G.Smith,6,174.0,1.0,1.0,25.0,00-0030565,-3.0,0.0,0.0,8.66,LV,TEN,13.609999847412109,12.088000297546387,15.825,12.088000297546387,9.873000335693359,-2.214999961853028,11.645000305175781
00-0030565,G.Smith,7,67.0,0.0,0.0,17.0,00-0030565,1.0,0.0,0.0,2.78,LV,KC,13.41599998474121,10.324000358581543,15.190001,10.324000358581543,8.549999809265136,-1.7740005493164066,9.969200248718261
00-0030565,G.Smith,9,284.0,4.0,1.0,42.0,00-0030565,9.0,0.0,0.0,26.26,LV,JAX,20.424000358581544,10.24000039100647,17.785,10.24000039100647,12.879000902175905,2.639000511169435,10.767800493240356
00-0030565,G.Smith,10,143.0,0.0,1.0,32.0,00-0030565,7.0,0.0,0.0,4.4199996,LV,DEN,12.911999893188476,10.680000162124633,14.004286,10.680000162124633,9.58771424293518,-1.0922859191894538,10.461542978286742
00-0030565,G.Smith,11,238.0,1.0,1.0,46.0,00-0030565,14.0,0.0,0.0,12.92,LV,DAL,20.165999603271484,9.60799994468689,13.483999,9.60799994468689,16.29000029563904,6.682000350952148,10.94440001487732
00-0030565,G.Smith,12,285.0,1.0,0.0,54.0,00-0030565,8.0,0.0,0.0,16.199999,LV,CLE,11.163999712467193,11.00799994468689,13.55,11.00799994468689,8.62199946641922,-2.38600047826767,10.530799849033356
00-0030565,G.Smith,13,165.0,2.0,1.0,28.0,00-0030565,-6.0,0.0,0.0,12.0,LV,LAC,10.384000110626221,12.515999746322631,14.141562,12.515999746322631,8.758437395095825,-3.757562351226806,11.76448727607727
00-0030565,G.Smith,14,116.0,1.0,0.0,24.0,00-0030565,4.0,0.0,0.0,9.039999,LV,DEN,10.109999990463256,14.359999752044677,14.376429,14.359999752044677,10.093571138381957,-4.26642861366272,13.506714029312134
00-0030565,G.Smith,16,201.0,2.0,1.0,26.0,,0.0,0.0,0.0,14.040001,LV,HOU,13.236000251770019,10.915999507904052,13.793646,10.915999507904052,10.358353900909423,-0.5576456069946296,10.804470386505127
00-0031237,T.Bridgewater,12,62.0,0.0,0.0,17.0,00-0031237,6.0,0.0,0.0,3.08,TB,LA,10.765999698638916,12.53999948501587,13.55,12.53999948501587,9.755998992919922,-2.784000492095947,11.983199386596679
00-0031503,J.Winston,11,201.0,0.0,1.0,31.0,00-0031503,10.0,1.0,0.0,13.04,NYG,GB,14.05600004196167,12.41333262125651,13.483999,12.41333262125651,12.985333410898845,0.5720007896423347,12.527732779184976
00-0031503,J.Winston,12,366.0,2.0,1.0,37.0,00-0031503,13.0,0.0,0.0,21.939999,NYG,DET,18.94799976348877,11.359999656677246,13.55,11.359999656677246,16.757999229431153,5.397999572753907,12.439599571228028
00-0031503,J.Winston,15,0.0,0.0,0.0,1.0,,0.0,0.0,0.0,0.0,NYG,WAS,16.650000190734865,14.673332532246908,16.586876,14.673332532246908,14.736456807454429,0.06312427520752095,14.685957387288413
00-0032268,M.Mariota,3,207.0,1.0,0.0,22.0,00-0032268,40.0,1.0,1.0,20.279999,WAS,LV,10.432500183582306,17.489999294281006,13.318125,17.489999294281006,14.604374706745148,-2.885624587535858,16.912874376773836
00-0032268,M.Mariota,4,156.0,2.0,1.0,30.0,00-0032268,20.0,0.0,0.0,14.24,WAS,ATL,15.610000014305115,18.41999912261963,15.64,18.41999912261963,18.38999879360199,-0.03000032901763916,18.413999056816102
00-0032268,M.Mariota,7,63.0,0.0,1.0,12.0,00-0032268,34.0,0.0,0.0,3.92,WAS,DAL,25.615999603271483,17.374999284744263,15.190001,17.374999284744263,27.80099835395813,10.425999069213866,19.460199098587037
00-0032268,M.Mariota,8,213.0,1.0,2.0,32.0,00-0032268,28.0,0.0,0.0,11.320001,WAS,KC,11.217999982833863,15.094999313354492,15.449999,15.094999313354492,10.863000440597535,-4.231998872756957,14.2485995388031
00-0032268,M.Mariota,10,213.0,2.0,0.0,25.0,00-0032268,22.0,0.0,0.0,18.720001,WAS,DET,16.457999801635744,12.43999981880188,14.004286,12.43999981880188,14.893713808059694,2.453713989257814,12.930742616653443
00-0032268,M.Mariota,11,213.0,1.0,1.0,31.0,00-0032268,49.0,0.0,0.0,15.42,WAS,MIA,15.324000358581543,13.696000099182129,13.483999,13.696000099182129,15.536001205444336,1.840001106262207,14.06400032043457
00-0032268,M.Mariota,13,294.0,2.0,1.0,53.0,00-0032268,55.0,0.0,0.0,23.26,WAS,DEN,11.141999959945679,12.724000358581543,14.141562,12.724000358581543,9.724437856674195,-2.9995625019073486,12.124087858200074
00-0032268,M.Mariota,14,30.0,0.0,1.0,5.0,00-0032268,7.0,0.0,1.0,-2.1,WAS,MIN,10.651999902725219,14.528000450134277,14.376429,14.528000450134277,10.80357174873352,-3.7244287014007575,13.783114709854125
00-0032268,M.Mariota,15,211.0,1.0,0.0,21.0,00-0032268,43.0,0.0,0.0,16.74,WAS,NYG,18.25799980163574,13.324000453948974,16.586876,13.324000453948974,14.995124340057371,1.671123886108397,13.658225231170654
00-0032268,M.Mariota,16,95.0,0.0,0.0,15.0,00-0032268,-1.0,0.0,0.0,3.7,WAS,PHI,12.807999753952027,14.408000278472901,13.793646,14.408000278472901,13.42235417366028,-0.9856461048126217,14.210871057510376
00-0032764,D.Henry,3,0.0,0.0,0.0,1.0,00-0032764,50.0,1.0,1.0,9.0,BAL,DET,17.600000143051147,13.330000042915344,13.318125,13.330000042915344,17.611875414848328,4.281875371932983,14.18637511730194
00-0032950,C.Wentz,3,173.0,2.0,0.0,23.0,00-0032950,4.0,0.0,0.0,15.32,MIN,CIN,13.545000195503235,12.633333365122477,13.318125,12.633333365122477,12.860208789507547,0.2268754243850708,12.67870844999949
00-0032950,C.Wentz,4,350.0,2.0,2.0,53.0,00-0032950,12.0,0.0,0.0,19.2,MIN,PIT,16.95000022649765,9.986666520436605,15.64,9.986666520436605,11.296666403611502,1.3099998831748962,10.248666497071584
00-0032950,C.Wentz,5,236.0,1.0,0.0,37.0,00-0032950,13.0,0.0,0.0,14.74,MIN,CLE,14.739999771118164,17.086666742960613,16.651785,17.086666742960613,15.174881617228191,-1.9117851257324219,16.70430971781413
00-0032950,C.Wentz,7,313.0,0.0,2.0,44.0,00-0032950,28.0,0.0,0.0,11.320001,MIN,PHI,15.108000183105469,16.420000076293945,15.190001,16.420000076293945,16.337999725341795,-0.08200035095214808,16.403600006103517
00-0032950,C.Wentz,8,144.0,1.0,1.0,32.0,,0.0,0.0,0.0,7.76,MIN,LAC,12.803999900817871,15.145000219345093,15.449999,15.145000219345093,12.499001264572144,-2.645998954772949,14.615800428390504
00-0033077,D.Prescott,1,188.0,0.0,0.0,34.0,00-0033077,3.0,0.0,0.0,7.82,DAL,PHI,18.489999651908875,15.145000219345093,17.265,15.145000219345093,16.37000048160553,1.225000262260437,15.39000027179718
00-0033077,D.Prescott,2,361.0,2.0,1.0,55.0,00-0033077,17.0,0.0,0.0,22.14,DAL,NYG,12.824999809265137,13.270000338554382,16.66625,13.270000338554382,9.428749918937683,-3.841250419616699,12.501750254631043
00-0033077,D.Prescott,3,251.0,1.0,2.0,43.0,,0.0,0.0,0.0,10.04,DAL,CHI,19.209999799728394,14.004999995231628,13.318125,14.004999995231628,19.896875023841858,5.8918750286102295,15.183375000953674
00-0033077,D.Prescott,4,319.0,3.0,0.0,41.0,00-0033077,2.0,1.0,0.0,30.960001,DAL,GB,11.955000042915344,12.830000042915344,15.64,12.830000042915344,9.144999742507935,-3.6850003004074097,12.092999982833863
00-0033077,D.Prescott,5,237.0,4.0,0.0,30.0,00-0033077,28.0,0.0,0.0,28.279999,DAL,NYJ,16.364999771118164,17.740000128746033,16.651785,17.740000128746033,17.45321500301361,-0.2867851257324219,17.68264310359955
00-0033077,D.Prescott,6,261.0,3.0,0.0,34.0,00-0033077,-1.0,0.0,0.0,22.339998,DAL,CAR,12.207999753952027,19.847999858856202,15.825,19.847999858856202,16.230999803543092,-3.6170000553131096,19.12459984779358
00-0033077,D.Prescott,7,264.0,3.0,0.0,31.0,00-0033077,7.0,0.0,0.0,23.260002,DAL,WAS,18.458000946044923,22.75199947357178,15.190001,22.75199947357178,26.019999885559084,3.2680004119873054,23.40559955596924
00-0033077,D.Prescott,8,188.0,0.0,2.0,33.0,00-0033077,31.0,0.0,0.0,6.62,DAL,DEN,14.564000034332276,22.976000022888183,15.449999,22.976000022888183,22.09000120162964,-0.8859988212585446,22.798800258636476
00-0033077,D.Prescott,9,250.0,1.0,1.0,44.0,00-0033077,34.0,0.0,0.0,15.4,DAL,ARI,14.63599967956543,22.292000007629394,17.785,22.292000007629394,19.142999839782714,-3.1490001678466797,21.66219997406006
00-0033077,D.Prescott,11,268.0,4.0,0.0,34.0,00-0033077,-4.0,0.0,0.0,26.320002,DAL,LV,13.379999828338622,19.17999973297119,13.483999,19.17999973297119,19.076000308990476,-0.1039994239807136,19.159199848175046
00-0033077,D.Prescott,12,354.0,2.0,1.0,37.0,00-0033077,9.0,1.0,0.0,27.06,DAL,PHI,12.895999717712403,18.788000297546386,13.55,18.788000297546386,18.133999824523926,-0.6540004730224602,18.657200202941894
00-0033077,D.Prescott,13,320.0,2.0,1.0,40.0,00-0033077,-2.0,0.0,0.0,18.599998,DAL,KC,13.066000127792359,19.73200054168701,14.141562,19.73200054168701,18.656438207626344,-1.0755623340606686,19.516888074874878
00-0033077,D.Prescott,14,376.0,1.0,2.0,53.0,00-0033077,14.0,0.0,0.0,16.44,DAL,DET,18.305999755859375,18.799999809265138,14.376429,18.799999809265138,22.729570960998537,3.9295711517333984,19.58591403961182
00-0033077,D.Prescott,15,294.0,0.0,0.0,40.0,00-0033077,2.0,0.0,0.0,11.96,DAL,MIN,6.841999769210815,20.763999938964844,16.586876,20.763999938964844,11.019123792648315,-9.744876146316528,18.81502470970154
00-0033077,D.Prescott,16,244.0,2.0,0.0,31.0,00-0033077,14.0,0.0,0.0,19.16,DAL,LAC,8.366000032424926,20.076000022888184,13.793646,20.076000022888184,14.648354196548462,-5.427645826339722,18.990470857620238
00-0033077,D.Prescott,17,307.0,2.0,0.0,43.0,00-0033077,24.0,0.0,0.0,22.679998,DAL,WAS,14.83400001525879,18.643999671936037,10.346666,18.643999671936037,23.131333351135254,4.487333679199219,19.54146640777588
00-0033106,J.Goff,1,225.0,1.0,1.0,43.0,00-0033106,-1.0,0.0,0.0,10.9,DET,GB,19.665000677108765,16.53999972343445,17.265,16.53999972343445,18.940001010894775,2.400001287460327,17.019999980926514
00-0033106,J.Goff,2,334.0,5.0,0.0,28.0,00-0033106,6.0,0.0,0.0,33.96,DET,CHI,12.549999833106995,14.615000009536743,16.66625,14.615000009536743,10.498749613761902,-4.116250395774841,13.791749930381775
00-0033106,J.Goff,3,202.0,1.0,0.0,28.0,00-0033106,6.0,0.0,0.0,12.68,DET,BAL,21.490000247955322,18.994999647140503,13.318125,18.994999647140503,27.16687512397766,8.171875476837158,20.629374742507935
00-0033106,J.Goff,4,168.0,2.0,1.0,27.0,,0.0,0.0,0.0,12.719999,DET,CLE,15.210000038146973,19.174999713897705,15.64,19.174999713897705,18.744999408721924,-0.43000030517578125,19.088999652862547
00-0033106,J.Goff,5,258.0,3.0,0.0,27.0,00-0033106,-2.0,0.0,0.0,22.119999,DET,CIN,16.355000495910645,17.5649995803833,16.651785,17.5649995803833,17.26821517944336,-0.2967844009399414,17.505642700195313
00-0033106,J.Goff,6,203.0,2.0,0.0,30.0,00-0033106,7.0,0.0,0.0,16.82,DET,KC,15.636000442504884,18.475999450683595,15.825,18.475999450683595,18.287000083923342,-0.1889993667602532,18.438199577331545
00-0033106,J.Goff,7,241.0,1.0,1.0,33.0,00-0033106,7.0,0.0,0.0,12.34,DET,TB,18.37599983215332,19.659999465942384,15.190001,19.659999465942384,22.845998764038086,3.1859992980957017,20.297199325561525
00-0033106,J.Goff,9,284.0,2.0,0.0,42.0,,0.0,0.0,0.0,19.36,DET,MIN,16.23400011062622,15.335999679565429,17.785,15.335999679565429,13.784999942779539,-1.55099973678589,15.02579973220825
00-0033106,J.Goff,10,320.0,3.0,0.0,33.0,,0.0,0.0,0.0,24.8,DET,WAS,20.410000610351563,16.671999740600587,14.004286,16.671999740600587,23.07771453857422,6.4057147979736335,17.953142700195315
00-0033106,J.Goff,11,255.0,1.0,1.0,39.0,00-0033106,-1.0,0.0,0.0,12.099999,DET,PHI,13.651999855041504,19.087999725341795,13.483999,19.087999725341795,19.256000328063962,0.16800060272216832,19.12159984588623
00-0033106,J.Goff,12,279.0,2.0,1.0,45.0,,0.0,0.0,0.0,17.16,DET,NYG,22.993999862670897,17.083999824523925,13.55,17.083999824523925,26.52799949645996,9.443999671936034,18.972799758911133
00-0033106,J.Goff,13,256.0,2.0,0.0,29.0,00-0033106,24.0,0.0,0.0,20.64,DET,GB,9.055999946594238,17.151999855041502,14.141562,17.151999855041502,12.066437339782713,-5.08556251525879,16.134887351989743
00-0033106,J.Goff,14,309.0,1.0,0.0,35.0,00-0033106,-2.0,0.0,0.0,16.16,DET,DAL,24.367999649047853,18.811999702453612,14.376429,18.811999702453612,28.80357074737549,9.991571044921876,20.810313911437987
00-0033106,J.Goff,15,338.0,3.0,0.0,42.0,,0.0,0.0,0.0,25.52,DET,LA,14.441999816894532,18.171999549865724,16.586876,18.171999549865724,16.02712345123291,-2.144876098632812,17.74302433013916
00-0033106,J.Goff,16,364.0,3.0,0.0,57.0,00-0033106,-1.0,0.0,0.0,26.460001,DET,PIT,17.504000663757324,18.31599979400635,13.793646,18.31599979400635,22.026354598999024,3.710354804992676,19.058070755004884
00-0033106,J.Goff,17,197.0,1.0,2.0,34.0,00-0033106,2.0,0.0,2.0,4.08,DET,MIN,4.24599996805191,21.188000106811522,10.346666,21.188000106811522,15.087333738803862,-6.10066636800766,19.96786683320999
00-0033119,J.Brissett,5,0.0,0.0,0.0,1.0,,0.0,0.0,0.0,0.0,ARI,TEN,15.099999904632568,22.195000171661377,16.651785,22.195000171661377,20.64321517944336,-1.5517849922180176,21.884643173217775
00-0033119,J.Brissett,6,320.0,2.0,1.0,46.0,00-0033119,19.0,0.0,0.0,20.699999,ARI,IND,13.787999820709228,17.035000324249268,15.825,17.035000324249268,14.998000335693359,-2.036999988555909,16.627600326538087
00-0033119,J.Brissett,7,279.0,2.0,0.0,42.0,00-0033119,26.0,0.0,0.0,21.76,ARI,GB,16.000000286102296,18.170000076293945,15.190001,18.170000076293945,18.979999828338624,0.8099997520446784,18.332000026702882
00-0033119,J.Brissett,9,261.0,2.0,0.0,36.0,00-0033119,4.0,1.0,0.0,24.839998,ARI,DAL,20.85399971008301,17.230000019073486,17.785,17.230000019073486,20.298999881744386,3.0689998626709,17.843799991607668
00-0033119,J.Brissett,10,258.0,2.0,0.0,50.0,00-0033119,31.0,0.0,0.0,21.42,ARI,SEA,17.771999740600585,16.82499933242798,14.004286,16.82499933242798,20.592713260650633,3.767713928222655,17.57854211807251
00-0033119,J.Brissett,11,452.0,2.0,2.0,58.0,00-0033119,-2.0,0.0,0.0,21.88,ARI,SF,21.948000526428224,17.743999481201172,13.483999,17.743999481201172,26.20800075531006,8.464001274108888,19.436799736022948
00-0033119,J.Brissett,12,317.0,1.0,0.0,55.0,00-0033119,20.0,0.0,0.0,18.68,ARI,JAX,20.356000328063963,22.11999931335449,13.55,22.11999931335449,28.92599945068359,6.8060001373291,23.48119934082031
00-0033119,J.Brissett,13,301.0,2.0,1.0,42.0,00-0033119,16.0,0.0,0.0,19.640001,ARI,TB,19.90399980545044,21.715999603271484,14.141562,21.715999603271484,27.478436946868896,5.762437343597412,22.868487071990966
00-0033119,J.Brissett,14,271.0,2.0,1.0,47.0,00-0033119,22.0,0.0,0.0,19.04,ARI,LA,11.85799961090088,21.29199981689453,14.376429,21.29199981689453,18.773570823669434,-2.518428993225097,20.788314018249512
00-0033119,J.Brissett,15,249.0,3.0,1.0,43.0,00-0033119,6.0,0.0,0.0,20.56,ARI,HOU,11.488000297546387,20.132000350952147,16.586876,20.132000350952147,15.03312473297119,-5.098875617980957,19.112225227355957
00-0033119,J.Brissett,16,203.0,1.0,1.0,33.0,00-0033119,5.0,0.0,0.0,10.62,ARI,ATL,19.069999790191652,19.960000228881835,13.793646,19.960000228881835,25.23635416030884,5.276353931427003,21.015271015167237
00-0033280,C.McCaffrey,13,0.0,0.0,0.0,1.0,00-0033280,53.0,1.0,0.0,11.3,SF,CLE,10.903999483585357,19.480000495910645,14.141562,19.480000495910645,16.242437517642976,-3.23756297826767,18.83248790025711
00-0033319,N.Mullens,14,3.0,0.0,0.0,1.0,00-0033319,-1.0,0.0,0.0,0.019999996,JAX,IND,11.995999717712403,19.746667226155598,14.376429,19.746667226155598,17.366238339742026,-2.380428886413574,19.270581448872882
00-0033357,T.Hill,5,19.0,0.0,0.0,1.0,00-0033357,-1.0,0.0,0.0,0.65999997,NO,NYG,16.484999656677246,19.800000190734863,16.651785,19.800000190734863,19.633214950561523,-0.16678524017333984,19.766643142700197
00-0033357,T.Hill,9,0.0,0.0,0.0,1.0,00-0033357,30.0,0.0,0.0,3.0,NO,LA,16.797999954223634,10.60999971628189,17.785,10.60999971628189,9.622999823093416,-0.9869998931884751,10.412599737644197
00-0033357,T.Hill,10,0.0,0.0,0.0,1.0,00-0033357,20.0,0.0,0.0,2.0,NO,CAR,13.847999715805054,1.8299999833106995,14.004286,1.8299999833106995,1.6737138867378238,-0.15628609657287562,1.7987427639961244
00-0033357,T.Hill,12,0.0,0.0,0.0,2.0,00-0033357,17.0,0.0,0.0,1.7,NO,ATL,16.592000102996828,1.8866666555404663,13.55,1.8866666555404663,4.928666567802431,3.0419999122619643,2.495066637992859
00-0033357,T.Hill,16,38.0,1.0,0.0,1.0,00-0033357,42.0,0.0,1.0,7.7199993,NO,NYJ,17.87999963760376,1.8400000035762787,13.793646,1.8400000035762787,5.92635378241539,4.086353778839111,2.657270759344101
00-0033662,C.Rush,4,52.0,0.0,0.0,13.0,,0.0,0.0,0.0,2.08,BAL,KC,13.375000715255737,1.8400000035762787,15.64,1.8400000035762787,-0.4249996244907379,-2.2649996280670166,1.3870000779628753
00-0033662,C.Rush,5,179.0,0.0,3.0,21.0,,0.0,0.0,0.0,1.1599998,BAL,HOU,11.450000166893005,2.1949999928474426,16.651785,2.1949999928474426,-3.006784737110138,-5.201784729957581,1.1546430468559266
00-0033662,C.Rush,6,72.0,0.0,1.0,19.0,00-0033662,0.0,0.0,1.0,-1.1199999,BAL,LA,16.82400016784668,1.73499995470047,15.825,1.73499995470047,2.7340003132820136,0.9990003585815437,1.9348000264167786
00-0033869,M.Trubisky,2,32.0,0.0,0.0,2.0,00-0033869,-3.0,0.0,0.0,0.97999996,BUF,NYJ,20.009999752044678,1.6466666062672932,16.66625,1.6466666062672932,4.990416129430135,3.343749523162842,2.315416510899862
00-0033869,M.Trubisky,8,22.0,0.0,0.0,4.0,,0.0,0.0,0.0,0.88,BUF,CAR,12.429999446868896,1.4066665768623352,15.449999,1.4066665768623352,-1.613332831859589,-3.019999408721924,0.8026666951179503
00-0033873,P.Mahomes,1,258.0,1.0,0.0,42.0,00-0033873,57.0,1.0,0.0,26.02,KC,LAC,17.602500081062317,1.4066665768623352,17.265,1.4066665768623352,1.7441672682762146,0.3375006914138794,1.474166715145111
00-0033873,P.Mahomes,2,187.0,1.0,1.0,31.0,00-0033873,66.0,1.0,0.0,22.08,KC,PHI,18.639999747276306,9.38666675488154,16.66625,9.38666675488154,11.36041627327601,1.9737495183944702,9.781416658560435
00-0033873,P.Mahomes,3,224.0,1.0,0.0,39.0,00-0033873,2.0,0.0,0.0,13.16,KC,NYG,17.1899995803833,16.36000011364619,13.318125,16.36000011364619,20.231874922911327,3.8718748092651367,17.134375075499218
00-0033873,P.Mahomes,4,270.0,4.0,0.0,38.0,00-0033873,5.0,0.0,0.0,27.3,KC,BAL,19.095000743865967,15.56000004708767,15.64,15.56000004708767,19.015000447630882,3.455000400543213,16.251000127196313
00-0033873,P.Mahomes,5,318.0,1.0,1.0,41.0,00-0033873,60.0,1.0,0.0,26.720001,KC,JAX,12.142499685287476,22.139999866485596,16.651785,22.139999866485596,17.630714654922485,-4.50928521156311,21.238142824172975
00-0033873,P.Mahomes,6,257.0,3.0,0.0,33.0,00-0033873,32.0,1.0,0.0,31.48,KC,DET,12.816000366210938,23.0560001373291,15.825,23.0560001373291,20.0470006942749,-3.008999443054199,22.45420024871826
00-0033873,P.Mahomes,7,286.0,3.0,0.0,36.0,00-0033873,28.0,0.0,0.0,26.239998,KC,LV,13.479999923706055,24.147999954223632,15.190001,24.147999954223632,22.43799934387207,-1.7100006103515621,23.80599983215332
00-0033873,P.Mahomes,8,299.0,3.0,2.0,37.0,00-0033873,30.0,0.0,0.0,22.96,KC,WAS,18.934001159667968,24.979999542236328,15.449999,24.979999542236328,28.464001846313476,3.4840023040771477,25.676800003051756
00-0033873,P.Mahomes,9,250.0,0.0,1.0,38.0,00-0033873,5.0,0.0,0.0,8.5,KC,BUF,9.726000118255616,26.939999389648438,17.785,26.939999389648438,18.880999660491945,-8.058999729156493,25.32819944381714
00-0033873,P.Mahomes,11,276.0,1.0,1.0,48.0,00-0033873,3.0,0.0,0.0,13.34,KC,DEN,9.453999853134155,23.179999542236327,13.483999,23.179999542236327,19.150000143051145,-4.029999399185181,22.373999662399292
00-0033873,P.Mahomes,12,352.0,0.0,1.0,51.0,00-0033873,30.0,0.0,0.0,15.08,KC,IND,16.891999435424804,20.503999328613283,13.55,20.503999328613283,23.845998573303223,3.3419992446899407,21.17239917755127
00-0033873,P.Mahomes,13,261.0,4.0,0.0,37.0,00-0033873,30.0,0.0,0.0,29.439999,KC,DAL,20.845999908447265,17.223999404907225,14.141562,17.223999404907225,23.928436851501463,6.704437446594238,18.564886894226074
00-0033873,P.Mahomes,14,160.0,0.0,3.0,35.0,00-0033873,59.0,0.0,0.0,6.3,KC,HOU,13.53200035095215,17.863999557495116,14.376429,17.863999557495116,17.01957130432129,-0.8444282531738274,17.69511390686035
00-0033873,P.Mahomes,15,189.0,0.0,1.0,33.0,00-0033873,15.0,1.0,0.0,13.059999,KC,LAC,8.452000093460082,14.531999778747558,16.586876,14.531999778747558,6.397123956680296,-8.134875822067261,12.905024614334106
00-0033908,C.Kupp,7,0.0,0.0,1.0,1.0,,0.0,0.0,0.0,-2.0,SEA,HOU,9.392000102996827,16.03999972343445,15.190001,16.03999972343445,10.241999292373658,-5.798000431060791,14.88039963722229
00-0033949,J.Dobbs,4,0.0,0.0,0.0,1.0,00-0033949,-2.0,0.0,0.0,-0.2,NE,CAR,11.822499930858612,16.9399995803833,15.64,16.9399995803833,13.122499167919159,-3.817500412464142,16.17649949789047
00-0033949,J.Dobbs,7,12.0,0.0,0.0,1.0,00-0033949,-2.0,0.0,0.0,0.27999997,NE,TEN,13.573999786376953,11.846666271487871,15.190001,11.846666271487871,10.230665523807208,-1.6160007476806637,11.523466121951738
00-0034348,C.Sutton,10,0.0,0.0,0.0,1.0,,0.0,0.0,0.0,0.0,DEN,LV,15.155999755859375,3.0500000938773155,14.004286,3.0500000938773155,4.2017140373587605,1.151713943481445,3.2803428825736045
00-0034577,K.Allen,10,0.0,0.0,0.0,2.0,00-0034577,-1.0,0.0,0.0,-0.1,DET,WAS,20.410000610351563,-0.20000000298023224,14.004286,-0.20000000298023224,6.205714794993401,6.4057147979736335,1.0811429566144946
00-0034721,C.Bojorquez,16,0.0,0.0,0.0,1.0,,0.0,0.0,0.0,0.0,CLE,BUF,15.70799994468689,-0.20000000298023224,13.793646,-0.20000000298023224,1.714354082942009,1.9143540859222412,0.18287081420421603
00-0034771,M.Rudolph,2,12.0,0.0,0.0,2.0,,0.0,0.0,0.0,0.48,PIT,SEA,17.695000648498535,-0.20000000298023224,16.66625,-0.20000000298023224,0.828750416636467,1.0287504196166992,0.0057500809431076105
00-0034771,M.Rudolph,11,127.0,1.0,0.0,16.0,00-0034771,-1.0,0.0,0.0,8.98,PIT,CIN,18.063999557495116,0.47999998927116394,13.483999,0.47999998927116394,5.060000294446944,4.58000030517578,1.39600005030632
00-0034771,M.Rudolph,12,171.0,1.0,1.0,33.0,00-0034771,7.0,0.0,0.0,9.54,PIT,CHI,16.120000076293945,4.729999765753746,13.55,4.729999765753746,7.299999651312827,2.5699998855590813,5.2439997428655625
00-0034771,M.Rudolph,13,0.0,0.0,1.0,3.0,,0.0,0.0,0.0,-2.0,PIT,BUF,11.151999759674073,6.3333331644535065,14.141562,6.3333331644535065,3.343770462274552,-2.9895627021789544,5.735420624017715
00-0034796,L.Jackson,1,209.0,2.0,0.0,21.0,00-0034796,70.0,1.0,0.0,29.36,BAL,BUF,14.719999551773071,6.3333331644535065,17.265,6.3333331644535065,3.7883333265781403,-2.544999837875366,5.824333196878433
00-0034796,L.Jackson,2,225.0,4.0,0.0,32.0,00-0034796,13.0,0.0,0.0,26.3,BAL,CLE,17.450000286102295,12.09000002592802,16.66625,12.09000002592802,12.87375008314848,0.783750057220459,12.246750037372113
00-0034796,L.Jackson,3,288.0,3.0,0.0,35.0,00-0034796,35.0,0.0,0.0,27.02,BAL,DET,17.600000143051147,18.544999837875366,13.318125,18.544999837875366,22.82687520980835,4.281875371932983,19.401374912261964
00-0034796,L.Jackson,4,147.0,1.0,1.0,23.0,00-0034796,48.0,0.0,0.0,12.68,BAL,KC,13.375000715255737,23.055000066757202,15.64,23.055000066757202,20.790000438690186,-2.2649996280670166,22.602000141143797
00-0034796,L.Jackson,9,204.0,4.0,0.0,25.0,00-0034796,14.0,0.0,0.0,25.56,BAL,MIA,14.57600040435791,23.84000015258789,17.785,23.84000015258789,20.63100070953369,-3.2089994430542,23.19820026397705
00-0034796,L.Jackson,10,176.0,1.0,0.0,31.0,00-0034796,36.0,0.0,0.0,14.639999,BAL,MIN,19.516000175476073,24.18400001525879,14.004286,24.18400001525879,29.695714378356932,5.511714363098143,25.28634288787842
00-0034796,L.Jackson,11,193.0,0.0,2.0,30.0,00-0034796,10.0,0.0,0.0,4.72,BAL,CLE,12.22199980020523,21.239999771118164,13.483999,21.239999771118164,19.97800031900406,-1.2619994521141056,20.987599880695342
00-0034796,L.Jackson,12,153.0,0.0,0.0,24.0,00-0034796,11.0,0.0,0.0,7.22,BAL,NYJ,15.911999988555909,16.923999881744386,13.55,16.923999881744386,19.285999679565432,2.3619997978210456,17.396399841308597
00-0034796,L.Jackson,13,246.0,0.0,1.0,35.0,00-0034796,27.0,0.0,0.0,10.54,BAL,CIN,16.231999778747557,12.96399974822998,14.141562,12.96399974822998,15.05443706512451,2.09043731689453,13.382087211608887
00-0034796,L.Jackson,14,219.0,1.0,1.0,37.0,00-0034796,43.0,1.0,0.0,21.060001,BAL,PIT,16.60400047302246,12.53599967956543,14.376429,12.53599967956543,14.763571548461913,2.227571868896483,12.981514053344727
00-0034796,L.Jackson,15,150.0,2.0,1.0,16.0,00-0034796,26.0,0.0,0.0,14.6,BAL,CIN,16.363999938964845,11.636000061035157,16.586876,11.636000061035157,11.413124084472658,-0.22287597656249858,11.591424865722656
00-0034796,L.Jackson,16,101.0,0.0,0.0,10.0,00-0034796,7.0,0.0,0.0,4.74,BAL,NE,14.792000007629394,11.628000259399414,13.793646,11.628000259399414,12.62635440826416,0.9983541488647454,11.827671089172362
00-0034827,D.Moore,9,2.0,1.0,0.0,1.0,00-0034827,17.0,1.0,0.0,11.78,CHI,CIN,21.157999801635743,13.355000376701355,17.785,13.355000376701355,16.72800033092499,3.3729999542236335,14.029600367546081
00-0034855,B.Mayfield,1,167.0,3.0,0.0,33.0,00-0034855,39.0,0.0,0.0,22.58,TB,ATL,20.059999704360962,15.40000057220459,17.265,15.40000057220459,18.195000886917114,2.7950003147125244,15.959000635147095
00-0034855,B.Mayfield,2,215.0,2.0,0.0,43.0,00-0034855,33.0,0.0,0.0,19.9,TB,HOU,18.135000228881836,19.413333892822266,16.66625,19.413333892822266,20.882083892822266,1.46875,19.707083892822265
00-0034855,B.Mayfield,3,233.0,1.0,0.0,30.0,00-0034855,44.0,0.0,0.0,17.72,TB,NYJ,17.31999969482422,19.02666664123535,13.318125,19.02666664123535,23.028541564941406,4.001874923706055,19.827041625976562
00-0034855,B.Mayfield,4,289.0,2.0,1.0,42.0,00-0034855,13.0,0.0,0.0,18.86,TB,PHI,20.27999985218048,20.06666628519694,15.64,20.06666628519694,24.70666579405467,4.639999508857727,20.994666186968487
00-0034855,B.Mayfield,5,379.0,2.0,0.0,35.0,00-0034855,15.0,0.0,0.0,24.66,TB,SEA,10.797500252723694,19.764999866485596,16.651785,19.764999866485596,13.910715222358704,-5.854284644126892,18.594142937660216
00-0034855,B.Mayfield,6,256.0,2.0,0.0,24.0,00-0034855,14.0,0.0,0.0,19.64,TB,SF,16.07200002670288,20.743999862670897,15.825,20.743999862670897,20.99100008010864,0.24700021743774414,20.793399906158445
00-0034855,B.Mayfield,7,228.0,1.0,1.0,55.0,,0.0,0.0,0.0,11.12,TB,DET,15.928000259399415,20.155999755859376,15.190001,20.155999755859376,20.893999481201174,0.7379997253417976,20.303599700927737
00-0034855,B.Mayfield,8,152.0,0.0,0.0,27.0,,0.0,0.0,0.0,6.08,TB,NO,16.1939998626709,18.399999809265136,15.449999,18.399999809265136,19.144000816345216,0.7440010070800795,18.548800010681152
00-0034855,B.Mayfield,10,273.0,3.0,0.0,45.0,,0.0,0.0,0.0,22.92,TB,NE,15.395999526977539,16.071999931335448,14.004286,16.071999931335448,17.46371364593506,1.391713714599609,16.35034267425537
00-0034855,B.Mayfield,11,173.0,1.0,1.0,31.0,00-0034855,39.0,1.0,0.0,18.82,TB,BUF,9.82799997329712,16.883999824523926,13.483999,16.883999824523926,13.22800054550171,-3.6559992790222164,16.15279996871948
00-0034855,B.Mayfield,12,41.0,1.0,2.0,21.0,00-0034855,19.0,0.0,0.0,3.54,TB,LA,10.765999698638916,15.715999794006347,13.55,15.715999794006347,12.9319993019104,-2.784000492095947,15.159199695587157
00-0034855,B.Mayfield,13,194.0,1.0,0.0,30.0,00-0034855,27.0,0.0,0.0,14.46,TB,ARI,14.82399959564209,12.495999908447265,14.141562,12.495999908447265,13.178437042236327,0.6824371337890618,12.632487335205077
00-0034855,B.Mayfield,14,122.0,1.0,1.0,30.0,00-0034855,42.0,0.0,0.0,11.08,TB,NO,10.724000072479248,13.163999938964844,14.376429,13.163999938964844,9.511571407318115,-3.652428531646729,12.433514232635499
00-0034855,B.Mayfield,15,277.0,2.0,1.0,40.0,00-0034855,1.0,0.0,0.0,17.18,TB,ATL,19.133999729156493,14.163999938964844,16.586876,14.163999938964844,16.71112375259399,2.547123813629149,14.673424701690674
00-0034855,B.Mayfield,16,145.0,1.0,1.0,28.0,00-0034855,49.0,0.0,0.0,12.700001,TB,CAR,9.096000003814698,13.01599998474121,13.793646,13.01599998474121,8.31835412979126,-4.6976458549499505,12.07647081375122
00-0034857,J.Allen,1,394.0,2.0,0.0,50.0,00-0034857,30.0,2.0,0.0,38.760002,BUF,BAL,16.38249981403351,11.565000057220459,17.265,11.565000057220459,10.68250048160553,-0.8824995756149292,11.388500142097474
00-0034857,J.Allen,2,148.0,0.0,0.0,26.0,00-0034857,59.0,0.0,0.0,11.82,BUF,NYJ,20.009999752044678,20.37000060081482,16.66625,20.37000060081482,23.71375012397766,3.343749523162842,21.03875050544739
00-0034857,J.Allen,3,213.0,3.0,0.0,30.0,00-0034857,25.0,0.0,0.0,23.02,BUF,MIA,21.079999923706055,19.71000051498413,13.318125,19.71000051498413,27.47187566757202,7.761875152587891,21.26237554550171
00-0034857,J.Allen,4,209.0,2.0,1.0,25.0,00-0034857,45.0,1.0,0.0,24.86,BUF,NO,18.802500247955322,22.695000648498535,15.64,22.695000648498535,25.857500553131104,3.1624999046325684,23.32750062942505
00-0034857,J.Allen,5,253.0,2.0,1.0,32.0,00-0034857,53.0,0.0,1.0,19.419998,BUF,NE,14.012499809265137,24.61500072479248,16.651785,24.61500072479248,21.97571563720703,-2.639285087585449,24.08714370727539
00-0034857,J.Allen,6,180.0,2.0,2.0,30.0,00-0034857,42.0,0.0,0.0,15.4,BUF,ATL,13.320000052452087,23.576000213623047,15.825,23.576000213623047,21.071000456809998,-2.5049997568130493,23.07500026226044
00-0034857,J.Allen,8,163.0,1.0,0.0,21.0,00-0034857,7.0,2.0,0.0,23.220001,BUF,CAR,12.429999446868896,18.903999710083006,15.449999,18.903999710083006,15.884000301361082,-3.019999408721924,18.29999982833862
00-0034857,J.Allen,9,273.0,1.0,0.0,29.0,00-0034857,19.0,2.0,0.0,28.82,BUF,KC,12.462000036239624,21.18400001525879,17.785,21.18400001525879,15.861000204086304,-5.322999811172485,20.119400053024293
00-0034857,J.Allen,10,306.0,2.0,1.0,44.0,00-0034857,31.0,0.0,1.0,19.34,BUF,MIA,14.260000419616699,22.3439998626709,14.004286,22.3439998626709,22.599714469909667,0.2557146072387688,22.39514278411865
00-0034857,J.Allen,11,317.0,3.0,2.0,31.0,00-0034857,40.0,3.0,0.0,42.68,BUF,TB,14.547999668121339,21.239999771118164,13.483999,21.239999771118164,22.304000186920167,1.0640004158020027,21.452799854278563
00-0034857,J.Allen,12,253.0,0.0,2.0,42.0,00-0034857,20.0,0.0,0.0,8.12,BUF,HOU,12.745999908447265,25.892000198364258,13.55,25.892000198364258,25.08799991607666,-0.804000282287598,25.73120014190674
00-0034857,J.Allen,13,123.0,1.0,1.0,23.0,00-0034857,38.0,1.0,0.0,16.720001,BUF,PIT,18.520000076293947,24.436000251770018,14.141562,24.436000251770018,28.814437866210938,4.378437614440919,25.311687774658203
00-0034857,J.Allen,14,251.0,3.0,0.0,32.0,00-0034857,78.0,1.0,0.0,35.84,BUF,CIN,13.827999877929688,23.13600025177002,14.376429,23.13600025177002,22.587571525573733,-0.5484287261962884,23.026314506530763
00-0034857,J.Allen,15,193.0,3.0,0.0,30.0,00-0034857,48.0,0.0,0.0,24.52,BUF,NE,14.435999870300293,24.540000343322752,16.586876,24.540000343322752,22.3891242980957,-2.150876045227051,24.109825134277344
00-0034857,J.Allen,16,130.0,0.0,0.0,21.0,00-0034857,17.0,0.0,0.0,6.8999996,BUF,CLE,13.037999439239503,25.57600040435791,13.793646,25.57600040435791,24.820353984832764,-0.7556464195251458,25.42487112045288
00-0034869,S.Darnold,1,150.0,0.0,0.0,24.0,00-0034869,14.0,0.0,0.0,7.4,SEA,SF,7.5400002002716064,21.300000429153442,17.265,21.300000429153442,11.575001239776611,-9.724999189376831,19.355000591278078
00-0034869,S.Darnold,2,295.0,2.0,2.0,35.0,,0.0,0.0,0.0,15.799999,SEA,PIT,13.600000083446503,21.12000048160553,16.66625,21.12000048160553,18.053750336170197,-3.0662501454353333,20.506750452518464
00-0034869,S.Darnold,3,218.0,2.0,0.0,18.0,,0.0,0.0,0.0,16.720001,SEA,NO,19.539999961853027,20.889999985694885,13.318125,20.889999985694885,27.11187517642975,6.221875190734863,22.13437502384186
00-0034869,S.Darnold,4,242.0,1.0,0.0,29.0,00-0034869,24.0,0.0,0.0,16.08,SEA,ARI,16.013333320617676,16.110000252723694,15.64,16.110000252723694,16.483333230018616,0.3733329772949219,16.18466684818268
00-0034869,S.Darnold,5,341.0,4.0,1.0,34.0,,0.0,0.0,0.0,27.64,SEA,TB,19.269999980926514,14.00000011920929,16.651785,14.00000011920929,16.618215203285217,2.6182150840759277,14.523643136024475
00-0034869,S.Darnold,6,295.0,2.0,0.0,28.0,00-0034869,2.0,0.0,0.0,20.0,SEA,JAX,15.057999992370606,16.72799997329712,15.825,16.72799997329712,15.961000156402589,-0.7669998168945309,16.574600009918214
00-0034869,S.Darnold,7,213.0,1.0,1.0,33.0,00-0034869,1.0,0.0,0.0,10.620001,SEA,HOU,9.392000102996827,19.247999954223634,15.190001,19.247999954223634,13.449999523162843,-5.798000431060791,18.088399868011475
00-0034869,S.Darnold,9,330.0,4.0,1.0,24.0,,0.0,0.0,0.0,27.2,SEA,WAS,18.714000701904297,18.2120002746582,17.785,18.2120002746582,19.14100112915039,0.9290008544921875,18.39780044555664
00-0034869,S.Darnold,10,178.0,1.0,1.0,13.0,00-0034869,-2.0,0.0,1.0,6.92,SEA,ARI,15.06399974822998,20.30800018310547,14.004286,20.30800018310547,21.367714118957522,1.0597139358520504,20.51994297027588
00-0034869,S.Darnold,11,279.0,0.0,4.0,44.0,00-0034869,11.0,0.0,0.0,4.2599998,SEA,LA,14.349999809265137,18.476000213623045,13.483999,18.476000213623045,19.342000770568845,0.8660005569458011,18.649200325012206
00-0034869,S.Darnold,12,244.0,2.0,0.0,27.0,00-0034869,-1.0,0.0,0.0,17.66,SEA,TEN,15.208000564575196,13.800000286102295,13.55,13.800000286102295,15.458000659942627,1.6580003738403324,14.131600360870362
00-0034869,S.Darnold,13,128.0,0.0,0.0,30.0,,0.0,0.0,0.0,5.12,SEA,MIN,14.683999681472779,13.332000255584717,14.141562,13.332000255584717,13.874437475204468,0.5424372196197513,13.440487699508667
00-0034869,S.Darnold,14,249.0,3.0,1.0,32.0,00-0034869,23.0,0.0,0.0,22.259998,SEA,ATL,18.354000186920167,12.232000064849853,14.376429,12.232000064849853,16.209571647644044,3.977571582794191,13.027514381408691
00-0034869,S.Darnold,15,271.0,0.0,0.0,37.0,00-0034869,5.0,0.0,0.0,11.34,SEA,IND,11.381999969482422,11.243999576568603,16.586876,11.243999576568603,6.039123630523681,-5.204875946044922,10.20302438735962
00-0034869,S.Darnold,16,270.0,2.0,2.0,40.0,00-0034869,7.0,0.0,0.0,15.499999,SEA,LA,14.934000015258789,12.127999591827393,13.793646,12.127999591827393,13.268353748321534,1.1403541564941406,12.356070423126221
00-0034955,B.Rypien,3,0.0,0.0,0.0,1.0,,0.0,0.0,0.0,0.0,CIN,MIN,11.71000000834465,14.094999551773071,13.318125,14.094999551773071,12.486874788999557,-1.6081247627735138,13.773374599218368
00-0035100,J.Browning,2,241.0,2.0,3.0,33.0,00-0035100,1.0,1.0,0.0,17.74,CIN,JAX,9.557500123977661,12.906666119893393,16.66625,12.906666119893393,5.797916014989218,-7.108750104904175,11.484916098912556
00-0035100,J.Browning,3,140.0,1.0,2.0,30.0,00-0035100,3.0,0.0,0.0,5.9000006,CIN,MIN,11.71000000834465,17.113332748413086,13.318125,17.113332748413086,15.505207985639572,-1.6081247627735138,16.791707795858382
00-0035100,J.Browning,4,125.0,0.0,0.0,28.0,00-0035100,4.0,0.0,0.0,5.4,CIN,DEN,18.03000032901764,11.660000165303549,15.64,11.660000165303549,14.050000150998434,2.3899999856948853,12.138000162442525
00-0035100,J.Browning,5,251.0,3.0,3.0,42.0,00-0035100,31.0,0.0,0.0,19.140001,CIN,DET,11.235000133514404,9.680000146230062,16.651785,9.680000146230062,4.263215382893881,-5.416784763336182,8.596643193562826
00-0035100,J.Browning,12,14.0,0.0,0.0,1.0,,0.0,0.0,0.0,0.56,CIN,NE,15.853999900817872,12.045000433921814,13.55,12.045000433921814,14.349000144004822,2.3039997100830085,12.505800375938415
00-0035228,K.Murray,1,163.0,2.0,0.0,34.0,00-0035228,38.0,0.0,0.0,18.32,ARI,NO,12.759999990463257,12.045000433921814,17.265,12.045000433921814,7.540001034736633,-4.504999399185181,11.144000554084778
00-0035228,K.Murray,2,220.0,1.0,1.0,26.0,00-0035228,32.0,0.0,0.0,14.0,ARI,CAR,13.880000054836273,12.190000414848328,16.66625,12.190000414848328,9.403750240802765,-2.7862501740455627,11.632750380039216
00-0035228,K.Murray,3,159.0,1.0,0.0,36.0,00-0035228,37.0,0.0,0.0,14.06,ARI,SF,9.589999675750732,14.21500027179718,13.318125,14.21500027179718,10.486875176429749,-3.7281250953674316,13.469375252723694
00-0035228,K.Murray,4,200.0,2.0,2.0,47.0,00-0035228,41.0,0.0,0.0,16.1,ARI,SEA,10.827499985694885,16.380000352859497,15.64,16.380000352859497,11.567499995231628,-4.812500357627869,15.417500281333924
00-0035228,K.Murray,5,220.0,0.0,0.0,34.0,00-0035228,25.0,1.0,1.0,15.299999,ARI,TEN,15.099999904632568,15.620000123977661,16.651785,15.620000123977661,14.068215131759644,-1.5517849922180176,15.309643125534057
00-0035289,G.Minshew,15,22.0,0.0,1.0,5.0,,0.0,0.0,0.0,-1.12,KC,LAC,8.452000093460082,15.620000123977661,16.586876,15.620000123977661,7.4851243019104,-8.134875822067261,13.99302495956421
00-0035289,G.Minshew,16,15.0,0.0,0.0,8.0,00-0035289,8.0,0.0,0.0,1.4000001,KC,TEN,19.981999588012695,10.760000199079514,13.793646,10.760000199079514,16.94835392832756,6.188353729248046,11.997670944929123
00-0035645,G.Olszewski,12,33.0,1.0,0.0,1.0,,0.0,0.0,0.0,5.32,NYG,DET,18.94799976348877,9.680000265439352,13.55,9.680000265439352,15.077999838193259,5.397999572753907,10.759600179990134
00-0035685,D.Montgomery,5,3.0,1.0,0.0,1.0,00-0035685,65.0,1.0,0.0,16.619999,DET,CIN,16.355000495910645,7.4900001883506775,16.651785,7.4900001883506775,7.193215787410736,-0.2967844009399414,7.430643308162689
00-0035685,D.Montgomery,13,0.0,0.0,0.0,1.0,00-0035685,32.0,1.0,0.0,9.2,DET,GB,9.055999946594238,7.749999463558197,14.141562,7.749999463558197,2.6644369482994072,-5.08556251525879,6.732886960506439
00-0035704,D.Lock,3,15.0,0.0,0.0,3.0,00-0035704,-1.0,0.0,0.0,0.5,SEA,NO,19.539999961853027,7.749999463558197,13.318125,7.749999463558197,13.97187465429306,6.221875190734863,8.99437450170517
00-0035710,D.Jones,1,272.0,1.0,0.0,30.0,00-0035710,26.0,2.0,0.0,29.48,IND,MIA,11.399999618530273,16.619998931884766,17.265,16.619998931884766,10.754999160766602,-5.864999771118164,15.446998977661133
00-0035710,D.Jones,2,316.0,1.0,0.0,35.0,00-0035710,2.0,1.0,0.0,22.84,IND,DEN,18.585000157356262,23.049999237060547,16.66625,23.049999237060547,24.968749165534973,1.9187499284744263,23.43374922275543
00-0035710,D.Jones,3,228.0,1.0,0.0,25.0,00-0035710,27.0,0.0,0.0,15.82,IND,TEN,18.585000038146973,22.979999542236328,13.318125,22.979999542236328,28.246874809265137,5.266875267028809,24.03337459564209
00-0035710,D.Jones,4,262.0,1.0,2.0,35.0,00-0035710,-1.0,0.0,0.0,10.379999,IND,LA,17.394999980926514,22.713333129882812,15.64,22.713333129882812,24.468332767486572,1.7549996376037598,23.064333057403566
00-0035710,D.Jones,5,212.0,2.0,0.0,32.0,00-0035710,2.0,0.0,0.0,16.68,IND,LV,16.354999780654907,19.62999963760376,16.651785,19.62999963760376,19.33321452140808,-0.2967851161956787,19.570642614364623
00-0035710,D.Jones,6,212.0,2.0,1.0,31.0,00-0035710,20.0,1.0,0.0,22.48,IND,ARI,14.423999977111816,19.039999771118165,15.825,19.039999771118165,17.638999938964844,-1.400999832153321,18.7597998046875
00-0035710,D.Jones,7,288.0,2.0,0.0,36.0,00-0035710,4.0,0.0,0.0,19.92,IND,LAC,9.45999984741211,17.639999771118163,15.190001,17.639999771118163,11.909999084472656,-5.730000686645507,16.493999633789063
00-0035710,D.Jones,8,272.0,3.0,0.0,32.0,00-0035710,3.0,0.0,0.0,23.18,IND,TEN,12.446000099182129,17.055999755859375,15.449999,17.055999755859375,14.052000999450684,-3.0039987564086914,16.455200004577637
00-0035710,D.Jones,9,342.0,1.0,3.0,55.0,00-0035710,4.0,1.0,0.0,18.08,IND,PIT,20.30800018310547,18.527999877929688,17.785,18.527999877929688,21.05100021362305,2.523000335693361,19.03259994506836
00-0035710,D.Jones,10,255.0,1.0,1.0,34.0,00-0035710,53.0,0.0,0.0,17.5,IND,ATL,13.05600004196167,20.068000030517577,14.004286,20.068000030517577,19.11971426010132,-0.948285770416259,19.878342876434324
00-0035710,D.Jones,12,181.0,2.0,0.0,31.0,00-0035710,16.0,0.0,0.0,16.84,IND,KC,13.062000036239624,20.231999969482423,13.55,20.231999969482423,19.743999814987184,-0.48800015449523926,20.134399938583375
00-0035710,D.Jones,13,201.0,2.0,0.0,28.0,00-0035710,1.0,0.0,0.0,16.140001,IND,HOU,13.507999801635743,19.104000091552734,14.141562,19.104000091552734,18.470437431335448,-0.6335626602172848,18.97728755950928
00-0035710,D.Jones,14,60.0,0.0,1.0,7.0,00-0035710,4.0,0.0,0.0,0.8000001,IND,JAX,14.008000087738036,18.34800033569336,14.376429,18.34800033569336,17.97957181930542,-0.36842851638794016,18.274314632415773
00-0035993,T.Huntley,6,68.0,0.0,0.0,19.0,00-0035993,39.0,0.0,0.0,6.62,BAL,LA,16.82400016784668,17.140000343322754,15.825,17.140000343322754,18.139000701904298,0.9990003585815437,17.33980041503906
00-0035993,T.Huntley,8,186.0,1.0,0.0,24.0,00-0035993,53.0,0.0,0.0,16.740002,BAL,CHI,16.547999763488768,14.27500033378601,15.449999,14.27500033378601,15.373001241683959,1.0980009078979478,14.494600515365601
00-0035993,T.Huntley,16,65.0,0.0,0.0,11.0,00-0035993,2.0,0.0,0.0,2.8,BAL,NE,14.792000007629394,14.08500075340271,13.793646,14.08500075340271,15.083354902267455,0.9983541488647454,14.284671583175658
00-0036212,T.Tagovailoa,1,114.0,1.0,2.0,27.0,00-0036212,7.0,0.0,0.0,5.2599993,MIA,IND,12.78000020980835,13.166667620340982,17.265,13.166667620340982,8.681668440500895,-4.484999179840088,12.269667784372965
00-0036212,T.Tagovailoa,2,315.0,2.0,1.0,37.0,,0.0,0.0,0.0,18.6,MIA,NE,7.4424998909235,9.540000279744467,16.66625,9.540000279744467,0.31624994178613086,-9.223750337958336,7.6952502121528
00-0036212,T.Tagovailoa,3,146.0,2.0,1.0,34.0,00-0036212,10.0,0.0,0.0,12.84,MIA,BUF,15.595000267028809,11.805000305175781,13.318125,11.805000305175781,14.081875801086426,2.2768754959106445,12.26037540435791
00-0036212,T.Tagovailoa,4,177.0,2.0,0.0,25.0,00-0036212,6.0,0.0,0.0,15.68,MIA,NYJ,16.62999963760376,13.360000371932983,15.64,13.360000371932983,14.34999966621399,0.9899992942810059,13.558000230789185
00-0036212,T.Tagovailoa,5,256.0,3.0,0.0,39.0,00-0036212,5.0,0.0,0.0,22.74,MIA,CAR,9.574999749660492,13.09500002861023,16.651785,13.09500002861023,6.0182148814201355,-7.076785147190094,11.679642999172211
00-0036212,T.Tagovailoa,6,205.0,1.0,3.0,34.0,00-0036212,4.0,0.0,0.0,6.6,MIA,LAC,13.97199993133545,15.023999977111817,15.825,15.023999977111817,13.17100009918213,-1.8529998779296868,14.65340000152588
00-0036212,T.Tagovailoa,7,100.0,0.0,3.0,25.0,00-0036212,6.0,0.0,0.0,-1.4,MIA,CLE,15.529999732971191,15.292000102996827,15.190001,15.292000102996827,15.631999301910401,0.3399991989135742,15.359999942779542
00-0036212,T.Tagovailoa,8,205.0,4.0,0.0,27.0,,0.0,0.0,0.0,24.2,MIA,ATL,10.255999946594239,11.292000031471252,15.449999,11.292000031471252,6.09800112247467,-5.193998908996582,10.253200249671936
00-0036212,T.Tagovailoa,9,261.0,0.0,1.0,42.0,00-0036212,1.0,0.0,0.0,8.54,MIA,BAL,15.621999740600586,13.564000153541565,17.785,13.564000153541565,11.401000046730042,-2.1630001068115234,13.13140013217926
00-0036212,T.Tagovailoa,10,173.0,2.0,2.0,21.0,00-0036212,-1.0,0.0,0.0,10.82,MIA,BUF,8.858000087738038,12.136000084877015,14.004286,12.136000084877015,6.989714360237123,-5.146285724639892,11.106742939949036
00-0036212,T.Tagovailoa,11,171.0,0.0,0.0,23.0,,0.0,0.0,0.0,6.84,MIA,WAS,21.130000495910643,9.752000069618225,13.483999,9.752000069618225,17.398001313209534,7.646001243591307,11.281200318336486
00-0036212,T.Tagovailoa,13,157.0,0.0,1.0,27.0,00-0036212,4.0,0.0,0.0,4.6800003,MIA,NO,10.724000072479248,9.80000011920929,14.141562,9.80000011920929,6.382437729835511,-3.4175623893737797,9.116487641334535
00-0036212,T.Tagovailoa,14,127.0,1.0,0.0,22.0,00-0036212,0.0,0.0,0.0,9.08,MIA,NYJ,16.083999729156496,11.016000175476075,14.376429,11.016000175476075,12.723571300506594,1.707571125030519,11.357514400482179
00-0036212,T.Tagovailoa,15,253.0,2.0,1.0,34.0,00-0036212,1.0,0.0,0.0,16.22,MIA,PIT,17.200000762939453,7.992000007629395,16.586876,7.992000007629395,8.605124855041504,0.6131248474121094,8.114624977111816
00-0036264,J.Love,1,188.0,2.0,0.0,22.0,00-0036264,4.0,0.0,0.0,15.92,GB,DET,19.28000020980835,7.855000019073486,17.265,7.855000019073486,9.870000839233398,2.015000820159912,8.25800018310547
00-0036264,J.Love,2,292.0,2.0,0.0,33.0,00-0036264,12.0,0.0,0.0,20.880001,GB,WAS,19.25249934196472,9.130000114440918,16.66625,9.130000114440918,11.716249227523804,2.5862491130828857,9.647249937057495
00-0036264,J.Love,3,183.0,1.0,1.0,30.0,00-0036264,18.0,0.0,0.0,11.12,GB,CLE,21.390000104904175,12.640000343322754,13.318125,12.640000343322754,20.711875677108765,8.07187533378601,14.254375410079955
00-0036264,J.Love,4,337.0,3.0,0.0,44.0,00-0036264,28.0,0.0,0.0,28.279999,GB,DAL,25.669999599456787,14.250000238418579,15.64,14.250000238418579,24.279999494552612,10.029999256134033,16.256000089645386
00-0036264,J.Love,6,259.0,1.0,1.0,27.0,00-0036264,26.0,0.0,0.0,14.959999,GB,CIN,16.95800018310547,19.049999952316284,15.825,19.049999952316284,20.183000326156616,1.133000373840332,19.27660002708435
00-0036264,J.Love,7,179.0,1.0,0.0,30.0,00-0036264,22.0,0.0,0.0,13.36,GB,ARI,16.627999687194823,18.231999778747557,15.190001,18.231999778747557,19.669998931884763,1.4379991531372056,18.519599609375
00-0036264,J.Love,8,360.0,3.0,0.0,38.0,00-0036264,-1.0,0.0,0.0,26.3,GB,PIT,18.20800018310547,17.719999694824217,15.449999,17.719999694824217,20.478001022338866,2.7580013275146484,18.271599960327148
00-0036264,J.Love,9,273.0,0.0,1.0,38.0,00-0036264,1.0,0.0,0.0,9.02,GB,CAR,14.345999479293823,18.80399932861328,17.785,18.80399932861328,15.364998960494994,-3.439000368118286,18.116199254989624
00-0036264,J.Love,10,176.0,0.0,0.0,39.0,00-0036264,28.0,0.0,0.0,9.84,GB,PHI,15.455999946594238,18.3839994430542,14.004286,18.3839994430542,19.83571357727051,1.4517141342163082,18.674342269897462
00-0036264,J.Love,11,174.0,2.0,0.0,27.0,00-0036264,7.0,0.0,0.0,15.66,GB,NYG,24.96799964904785,14.695999717712402,13.483999,14.695999717712402,26.180000114440915,11.484000396728515,16.992799797058105
00-0036264,J.Love,12,139.0,0.0,0.0,22.0,00-0036264,15.0,0.0,0.0,7.06,GB,MIN,18.727999877929687,14.835999870300293,13.55,14.835999870300293,20.01399955749512,5.1779996871948235,15.871599807739258
00-0036264,J.Love,13,234.0,4.0,0.0,30.0,00-0036264,4.0,0.0,0.0,25.76,GB,DET,15.377999687194825,13.575999927520751,14.141562,13.575999927520751,14.812437152862548,1.2364372253417972,13.82328737258911
00-0036264,J.Love,14,234.0,3.0,1.0,26.0,00-0036264,-1.0,0.0,0.0,19.26,GB,CHI,15.436000061035156,13.468000125885009,14.376429,13.468000125885009,14.527571582794188,1.059571456909179,13.679914417266845
00-0036264,J.Love,15,276.0,1.0,2.0,43.0,00-0036264,29.0,0.0,0.0,13.940001,GB,DEN,10.568000078201294,15.516000080108643,16.586876,15.516000080108643,9.497124242782593,-6.01887583732605,14.312224912643433
00-0036264,J.Love,16,77.0,0.0,0.0,13.0,00-0036264,7.0,0.0,0.0,3.78,GB,CHI,10.916000270843506,16.336000156402587,13.793646,16.336000156402587,13.458354568481445,-2.8776455879211422,15.760471038818359
00-0036290,C.Kmet,9,0.0,0.0,0.0,1.0,,0.0,0.0,0.0,0.0,CHI,CIN,21.157999801635743,16.505000233650208,17.785,16.505000233650208,19.87800018787384,3.3729999542236335,17.179600224494934
00-0036355,J.Herbert,1,318.0,3.0,0.0,37.0,00-0036355,32.0,0.0,0.0,27.920002,LAC,KC,7.532500147819519,19.65333366394043,17.265,19.65333366394043,9.920834422111511,-9.732499241828918,17.706833815574647
00-0036355,J.Herbert,2,242.0,2.0,0.0,29.0,00-0036355,31.0,0.0,1.0,18.78,LAC,LV,8.737500011920929,20.373334248860676,16.66625,20.373334248860676,12.444584031899769,-7.928750216960907,18.787584205468495
00-0036355,J.Herbert,3,300.0,1.0,1.0,52.0,00-0036355,6.0,0.0,0.0,14.6,LAC,DEN,20.255000233650208,20.213334401448567,13.318125,20.213334401448567,27.15020986398061,6.9368754625320435,21.600709493954977
00-0036355,J.Herbert,4,203.0,1.0,2.0,43.0,00-0036355,24.0,0.0,0.0,10.52,LAC,NYG,17.709999561309814,20.433334350585938,15.64,20.433334350585938,22.503333568572998,2.0699992179870605,20.84733419418335
00-0036355,J.Herbert,5,166.0,1.0,1.0,33.0,00-0036355,60.0,0.0,0.0,14.639999,LAC,WAS,18.695000886917114,17.95500087738037,16.651785,17.95500087738037,19.9982168674469,2.0432159900665283,18.363644075393676
00-0036355,J.Herbert,6,264.0,2.0,0.0,39.0,00-0036355,2.0,0.0,0.0,18.760002,LAC,MIA,23.99200019836426,17.292000579833985,15.825,17.292000579833985,25.459000968933108,8.167000389099123,18.92540065765381
00-0036355,J.Herbert,7,420.0,3.0,2.0,58.0,00-0036355,31.0,0.0,0.0,27.9,LAC,IND,17.243999671936034,15.460000610351562,15.190001,15.460000610351562,17.513999748229978,2.0539991378784173,15.870800437927246
00-0036355,J.Herbert,8,227.0,3.0,1.0,27.0,00-0036355,62.0,0.0,0.0,25.279999,LAC,MIN,12.238000392913818,17.284000396728516,15.449999,17.284000396728516,14.072001934051514,-3.211998462677002,16.641600704193117
00-0036355,J.Herbert,9,250.0,2.0,1.0,35.0,00-0036355,57.0,1.0,0.0,27.7,LAC,TEN,11.610000228881836,19.420000076293945,17.785,19.420000076293945,13.245000457763672,-6.174999618530274,18.18500015258789
00-0036355,J.Herbert,10,220.0,1.0,0.0,38.0,00-0036355,19.0,0.0,0.0,14.7,LAC,PIT,19.679999923706056,22.8560001373291,14.004286,22.8560001373291,28.531714248657227,5.675714111328126,23.991142959594725
00-0036355,J.Herbert,11,81.0,0.0,1.0,20.0,00-0036355,21.0,0.0,0.0,3.34,LAC,JAX,25.208000564575194,22.86800022125244,13.483999,22.86800022125244,34.592001533508295,11.724001312255858,25.212800483703614
00-0036355,J.Herbert,13,151.0,2.0,1.0,23.0,00-0036355,8.0,0.0,0.0,12.84,LAC,LV,17.38399991989136,19.78399977684021,14.141562,19.78399977684021,23.026437234878543,3.2424374580383315,20.43248726844788
00-0036355,J.Herbert,14,139.0,1.0,1.0,33.0,00-0036355,66.0,0.0,0.0,14.16,LAC,PHI,15.575999450683593,16.771999883651734,14.376429,16.771999883651734,17.97157073020935,1.1995708465576165,17.011914052963256
00-0036355,J.Herbert,15,210.0,1.0,1.0,33.0,00-0036355,0.0,0.0,0.0,10.4,LAC,KC,16.93599967956543,14.54800009727478,16.586876,14.54800009727478,14.897123861312867,0.34912376403808665,14.617824850082398
00-0036355,J.Herbert,16,300.0,2.0,0.0,29.0,00-0036355,42.0,1.0,0.0,30.2,LAC,DAL,22.57599983215332,11.087999868392945,13.793646,11.087999868392945,19.87035384178162,8.782353973388673,12.84447066307068
00-0036389,J.Hurts,1,152.0,0.0,0.0,24.0,00-0036389,62.0,2.0,0.0,24.279999,PHI,DAL,15.117499351501465,10.184999883174896,17.265,10.184999883174896,8.037499845027924,-2.1475000381469727,9.755499875545501
00-0036389,J.Hurts,2,101.0,0.0,0.0,24.0,00-0036389,15.0,1.0,0.0,11.54,PHI,KC,12.187500596046448,15.419999599456787,16.66625,15.419999599456787,10.941249966621399,-4.478749632835388,14.52424967288971
00-0036389,J.Hurts,3,226.0,3.0,0.0,37.0,00-0036389,40.0,1.0,0.0,31.04,PHI,LA,12.234999656677246,15.094999551773071,13.318125,15.094999551773071,14.011874437332153,-1.083125114440918,14.878374528884887
00-0036389,J.Hurts,4,130.0,2.0,0.0,26.0,00-0036389,62.0,0.0,0.0,19.4,PHI,TB,18.170000076293945,19.31499981880188,15.64,19.31499981880188,21.84499955177307,2.5299997329711914,19.820999765396117
00-0036389,J.Hurts,5,280.0,2.0,0.0,44.0,00-0036389,3.0,0.0,0.0,19.5,PHI,DEN,11.830000162124634,21.56499981880188,16.651785,21.56499981880188,16.743215084075928,-4.821784734725952,20.60064287185669
00-0036389,J.Hurts,6,283.0,1.0,1.0,36.0,00-0036389,13.0,1.0,0.0,20.619999,PHI,NYG,14.763999748229981,21.151999855041502,15.825,21.151999855041502,20.090999794006347,-1.0610000610351555,20.93979984283447
00-0036389,J.Hurts,7,326.0,3.0,0.0,26.0,00-0036389,-10.0,0.0,0.0,24.04,PHI,MIN,12.27000036239624,20.419999885559083,15.190001,20.419999885559083,17.499999713897708,-2.9200001716613766,19.83599985122681
00-0036389,J.Hurts,8,179.0,4.0,0.0,24.0,00-0036389,22.0,0.0,0.0,25.36,PHI,NYG,17.627999687194823,22.920000076293945,15.449999,22.920000076293945,25.098000907897948,2.1780008316040025,23.355600242614745
00-0036389,J.Hurts,10,183.0,1.0,0.0,26.0,00-0036389,27.0,0.0,1.0,12.0199995,PHI,GB,17.844000339508057,21.78400001525879,14.004286,21.78400001525879,25.623714542388917,3.839714527130127,22.551942920684816
00-0036389,J.Hurts,11,135.0,0.0,0.0,29.0,00-0036389,31.0,1.0,0.0,14.5,PHI,DET,19.876000022888185,20.307999992370604,13.483999,20.307999992370604,26.700000762939453,6.392000770568849,21.586400146484372
00-0036389,J.Hurts,12,289.0,1.0,0.0,40.0,00-0036389,33.0,2.0,0.0,30.86,PHI,DAL,18.365999603271483,19.307999992370604,13.55,19.307999992370604,24.123999404907224,4.81599941253662,20.27119987487793
00-0036389,J.Hurts,13,230.0,2.0,1.0,35.0,00-0036389,31.0,0.0,1.0,16.300001,PHI,CHI,15.52400016784668,21.356000328063963,14.141562,21.356000328063963,22.738438034057616,1.3824377059936523,21.632487869262693
00-0036389,J.Hurts,14,240.0,0.0,4.0,41.0,00-0036389,8.0,0.0,0.0,2.4000003,PHI,LAC,8.800000095367432,19.808000373840333,14.376429,19.808000373840333,14.231571865081788,-5.576428508758545,18.692714672088623
00-0036389,J.Hurts,15,175.0,3.0,0.0,16.0,00-0036389,39.0,0.0,0.0,22.9,PHI,LV,12.452000141143799,15.216000318527222,16.586876,15.216000318527222,11.081124544143677,-4.134875774383545,14.389025163650512
00-0036389,J.Hurts,16,185.0,2.0,0.0,32.0,00-0036389,40.0,0.0,0.0,19.4,PHI,WAS,13.423999977111816,17.392000341415404,13.793646,17.392000341415404,17.02235445976257,-0.36964588165283274,17.318071165084838
00-0036414,C.Akers,5,32.0,1.0,0.0,1.0,,0.0,0.0,0.0,5.2799997,MIN,CLE,14.739999771118164,18.115000426769257,16.651785,18.115000426769257,16.203215301036835,-1.9117851257324219,17.732643401622774
00-0036442,J.Burrow,1,113.0,1.0,0.0,26.0,00-0036442,3.0,0.0,0.0,8.820001,CIN,CLE,19.235000133514404,13.866667032241821,17.265,13.866667032241821,15.836667776107788,1.9700007438659668,14.260667181015014
00-0036442,J.Burrow,2,76.0,1.0,0.0,15.0,,0.0,0.0,0.0,7.04,CIN,JAX,9.557500123977661,11.37333353360494,16.66625,11.37333353360494,4.264583428700766,-7.108750104904175,9.951583512624104
00-0036442,J.Burrow,13,261.0,2.0,0.0,47.0,00-0036442,8.0,0.0,0.0,19.239998,CIN,BAL,10.007999849319457,12.920000076293945,14.141562,12.920000076293945,8.786437463760375,-4.13356261253357,12.093287553787231
00-0036442,J.Burrow,14,284.0,4.0,2.0,38.0,,0.0,0.0,0.0,23.36,CIN,BUF,10.799999761581422,11.699999491373697,14.376429,11.699999491373697,8.123570648829142,-3.576428842544555,10.984713722864786
00-0036442,J.Burrow,15,225.0,0.0,2.0,42.0,00-0036442,5.0,0.0,0.0,5.5,CIN,BAL,14.059999704360962,14.614999771118164,16.586876,14.614999771118164,12.088123559951782,-2.526876211166382,14.109624528884888
00-0036442,J.Burrow,16,309.0,4.0,0.0,34.0,00-0036442,6.0,0.0,0.0,28.960001,CIN,MIA,13.891999983787537,12.791999816894531,13.793646,12.791999816894531,12.89035394191742,0.09835412502288854,12.81167064189911
00-0036613,J.Waddle,6,8.0,0.0,0.0,1.0,,0.0,0.0,0.0,0.32,MIA,LAC,13.97199993133545,13.78499960899353,15.825,13.78499960899353,11.931999731063843,-1.8529998779296868,13.414399633407593
00-0036898,D.Mills,5,23.0,0.0,0.0,4.0,00-0036898,3.0,0.0,0.0,1.22,HOU,BAL,21.625000476837158,16.03333282470703,16.651785,16.03333282470703,21.006548404693604,4.973215579986572,17.027975940704344
00-0036898,D.Mills,9,137.0,0.0,0.0,32.0,00-0036898,7.0,0.0,0.0,6.18,HOU,DEN,12.93799991607666,10.02666687965393,17.785,10.02666687965393,5.179666948318481,-4.84699993133545,9.05726689338684
00-0036898,D.Mills,10,292.0,2.0,1.0,49.0,00-0036898,20.0,1.0,0.0,25.68,HOU,JAX,23.60400047302246,4.299999952316284,14.004286,4.299999952316284,13.899714612960814,9.59971466064453,6.2199428844451905
00-0036898,D.Mills,11,274.0,1.0,0.0,45.0,00-0036898,14.0,0.0,0.0,16.36,HOU,TEN,13.466000366210938,11.026666720708212,13.483999,11.026666720708212,11.008667834599814,-0.017998886108397727,11.023066943486532
00-0036898,D.Mills,12,153.0,2.0,0.0,30.0,00-0036898,4.0,0.0,0.0,14.5199995,HOU,BUF,11.167999935150146,12.360000193119049,13.55,12.360000193119049,9.977999937534332,-2.3820002555847175,11.883600142002106
00-0036945,J.Fields,1,218.0,1.0,0.0,24.0,00-0036945,48.0,2.0,0.0,29.52,NYJ,PIT,12.98499983549118,12.360000193119049,17.265,12.360000193119049,8.080000638961792,-4.279999554157257,11.504000282287597
00-0036945,J.Fields,2,27.0,0.0,0.0,13.0,00-0036945,49.0,0.0,1.0,3.98,NYJ,BUF,18.864999771118164,19.43500030040741,16.66625,19.43500030040741,21.633749842643738,2.198749542236328,19.874750208854675
00-0036945,J.Fields,4,226.0,1.0,0.0,29.0,00-0036945,81.0,1.0,0.0,27.14,NYJ,MIA,22.84000015258789,18.885000348091125,15.64,18.885000348091125,26.085000157356262,7.199999809265137,20.32500030994415
00-0036945,J.Fields,5,283.0,2.0,0.0,53.0,00-0036945,26.0,0.0,0.0,21.92,NYJ,DAL,27.994999408721924,19.25000011920929,16.651785,19.25000011920929,30.593214631080627,11.343214511871338,21.518643021583557
00-0036945,J.Fields,6,45.0,0.0,0.0,26.0,00-0036945,31.0,0.0,0.0,4.8999996,NYJ,DEN,13.364000129699708,20.639999985694885,15.825,20.639999985694885,18.179000306129456,-2.460999679565429,20.1478000497818
00-0036945,J.Fields,7,46.0,0.0,0.0,15.0,00-0036945,22.0,0.0,0.0,4.04,NYJ,CAR,14.611999464035033,17.491999912261964,15.190001,17.491999912261964,16.91399884223938,-0.5780010700225837,17.376399698257448
00-0036945,J.Fields,8,244.0,1.0,0.0,33.0,00-0036945,31.0,0.0,0.0,16.86,NYJ,CIN,18.173999786376953,12.395999813079834,15.449999,12.395999813079834,15.120000743865967,2.724000930786133,12.940799999237061
00-0036945,J.Fields,10,54.0,1.0,1.0,14.0,00-0036945,28.0,0.0,0.0,6.96,NYJ,CLE,13.373999655246735,14.97199993133545,14.004286,14.97199993133545,14.341713774204255,-0.6302861571311951,14.84594269990921
00-0036945,J.Fields,11,116.0,1.0,0.0,28.0,00-0036945,67.0,1.0,1.0,19.34,NYJ,NE,16.095999908447265,10.936000061035156,13.483999,10.936000061035156,13.548000717163085,2.612000656127929,11.458400192260742
00-0036971,T.Lawrence,1,178.0,1.0,1.0,31.0,00-0036971,12.0,0.0,0.0,10.32,JAX,CAR,14.930000007152557,8.190000057220459,17.265,8.190000057220459,5.855000674724579,-2.33499938249588,7.723000180721283
00-0036971,T.Lawrence,2,271.0,3.0,2.0,43.0,00-0036971,4.0,0.0,0.0,19.24,JAX,CIN,12.810000538825989,9.545000076293945,16.66625,9.545000076293945,5.688750386238098,-3.856249690055847,8.773750138282775
00-0036971,T.Lawrence,3,222.0,0.0,1.0,42.0,00-0036971,9.0,0.0,0.0,7.78,JAX,HOU,19.380000114440918,13.34500002861023,13.318125,13.34500002861023,19.406875371932983,6.061875343322754,14.55737509727478
00-0036971,T.Lawrence,4,174.0,1.0,0.0,32.0,00-0036971,7.0,0.0,0.0,11.66,JAX,SF,12.484999775886536,11.074999928474426,15.64,11.074999928474426,7.919999361038208,-3.1550005674362183,10.443999814987183
00-0036971,T.Lawrence,5,221.0,1.0,1.0,28.0,00-0036971,54.0,2.0,1.0,26.24,JAX,KC,12.985000610351562,12.24999988079071,16.651785,12.24999988079071,8.583215594291687,-3.6667842864990234,11.516643023490905
00-0036971,T.Lawrence,6,258.0,2.0,0.0,49.0,00-0036971,9.0,0.0,0.0,19.22,JAX,SEA,13.570000171661377,15.047999858856201,15.825,15.047999858856201,12.793000221252441,-2.2549996376037598,14.59699993133545
00-0036971,T.Lawrence,7,296.0,1.0,0.0,55.0,00-0036971,18.0,0.0,0.0,17.64,JAX,LA,15.630000114440918,16.827999782562255,15.190001,16.827999782562255,17.267999362945556,0.4399995803833008,16.915999698638917
00-0036971,T.Lawrence,9,220.0,0.0,1.0,35.0,00-0036971,24.0,2.0,0.0,21.2,JAX,LV,14.971999359130859,16.50799970626831,17.785,16.50799970626831,13.69499921798706,-2.8130004882812507,15.94539960861206
00-0036971,T.Lawrence,10,158.0,1.0,1.0,29.0,00-0036971,35.0,0.0,0.0,11.82,JAX,HOU,8.505999946594239,19.19199981689453,14.004286,19.19199981689453,13.693713951110839,-5.498285865783691,18.09234264373779
00-0036971,T.Lawrence,11,153.0,1.0,1.0,22.0,00-0036971,9.0,1.0,0.0,15.0199995,JAX,LAC,8.072000217437743,19.223999786376954,13.483999,19.223999786376954,13.812000751495361,-5.4119990348815925,18.141599979400635
00-0036971,T.Lawrence,12,256.0,3.0,3.0,33.0,00-0036971,29.0,0.0,0.0,19.14,JAX,ARI,15.491999626159668,16.97999973297119,13.55,16.97999973297119,18.921999168395995,1.9419994354248047,17.368399620056152
00-0036971,T.Lawrence,13,229.0,2.0,0.0,30.0,00-0036971,25.0,0.0,0.0,19.66,JAX,TEN,17.008000564575195,16.96399974822998,14.141562,16.96399974822998,19.830437850952148,2.8664381027221673,17.537287368774415
00-0036971,T.Lawrence,14,244.0,2.0,0.0,30.0,00-0036971,16.0,0.0,0.0,19.36,JAX,IND,11.995999717712403,17.367999839782716,14.376429,17.367999839782716,14.987570953369142,-2.380428886413574,16.8919140625
00-0036971,T.Lawrence,15,330.0,5.0,0.0,32.0,00-0036971,51.0,1.0,0.0,44.3,JAX,NYJ,13.035999774932861,16.999999809265137,16.586876,16.999999809265137,13.449123668670655,-3.5508761405944824,16.28982458114624
00-0036971,T.Lawrence,16,279.0,3.0,0.0,41.0,00-0036971,20.0,1.0,0.0,31.16,JAX,DEN,12.302000188827515,23.4959997177124,13.793646,23.4959997177124,22.004354047775266,-1.4916456699371334,23.197670583724975
00-0036972,M.Jones,2,279.0,3.0,0.0,42.0,00-0036972,6.0,0.0,0.0,23.76,SF,NO,14.872499942779541,25.614999771118164,16.66625,25.614999771118164,23.82124948501587,-1.793750286102295,25.256249713897706
00-0036972,M.Jones,3,284.0,1.0,1.0,42.0,00-0036972,-1.0,0.0,0.0,13.259999,SF,ARI,17.390000343322754,26.769999980926514,13.318125,26.769999980926514,30.841875553131104,4.07187557220459,27.58437509536743
00-0036972,M.Jones,5,342.0,2.0,0.0,50.0,00-0036972,5.0,0.0,0.0,22.18,SF,LA,15.485000133514404,25.169999837875366,16.651785,25.169999837875366,24.003215074539185,-1.1667847633361816,24.93664288520813
00-0036972,M.Jones,6,347.0,0.0,2.0,45.0,00-0036972,13.0,0.0,0.0,11.18,SF,TB,20.9439998626709,25.87499976158142,15.825,25.87499976158142,30.993999814987184,5.119000053405763,26.898799772262574
00-0036972,M.Jones,7,152.0,0.0,1.0,27.0,00-0036972,11.0,0.0,0.0,5.18,SF,ATL,13.735999965667725,17.59500002861023,15.190001,17.59500002861023,16.140999460220335,-1.4540005683898922,17.30419991493225
00-0036972,M.Jones,8,193.0,2.0,1.0,35.0,00-0036972,23.0,0.0,0.0,16.019999,SF,HOU,7.534000110626221,15.111999988555908,15.449999,15.111999988555908,7.196001243591309,-7.915998744964599,13.528800239562988
00-0036972,M.Jones,9,235.0,2.0,0.0,26.0,00-0036972,4.0,0.0,0.0,17.8,SF,NYG,20.067999839782715,13.563999652862549,17.785,13.563999652862549,15.846999645233154,2.2829999923706055,14.02059965133667
00-0036972,M.Jones,10,319.0,3.0,1.0,40.0,00-0036972,3.0,0.0,0.0,23.06,SF,LA,11.81399974822998,14.471999645233154,14.004286,14.471999645233154,12.281713581085205,-2.1902860641479496,14.033942432403565
00-0037012,T.Lance,5,44.0,0.0,0.0,5.0,00-0037012,11.0,0.0,0.0,2.8600001,LAC,WAS,18.695000886917114,12.544999480247498,16.651785,12.544999480247498,14.588215470314026,2.0432159900665283,12.953642678260803
00-0037012,T.Lance,11,37.0,0.0,0.0,9.0,00-0037012,1.0,0.0,0.0,1.58,LAC,JAX,25.208000564575194,10.464999437332153,13.483999,10.464999437332153,22.18900074958801,11.724001312255858,12.809799699783325
00-0037012,T.Lance,13,9.0,0.0,0.0,1.0,00-0037012,4.0,0.0,0.0,0.76,LAC,LV,17.38399991989136,9.564999490976334,14.141562,9.564999490976334,12.807436949014665,3.2424374580383315,10.213486982584
00-0037013,Z.Wilson,1,32.0,0.0,0.0,8.0,00-0037013,3.0,0.0,0.0,1.5799999,MIA,IND,12.78000020980835,7.413333137830098,17.265,7.413333137830098,2.9283339579900103,-4.484999179840088,6.516333301862081
00-0037013,Z.Wilson,8,0.0,0.0,0.0,1.0,,0.0,0.0,0.0,0.0,MIA,ATL,10.255999946594239,2.0066667000452676,15.449999,2.0066667000452676,-3.187332208951314,-5.193998908996582,0.9678669182459512
00-0037239,C.Olave,4,0.0,0.0,1.0,1.0,,0.0,0.0,0.0,-2.0,NO,BUF,13.46500015258789,2.0066667000452676,15.64,2.0066667000452676,-0.1683334906895957,-2.1750001907348633,1.5716666618982948
00-0037324,C.Oladokun,16,111.0,0.0,0.0,20.0,00-0037324,7.0,0.0,0.0,5.14,KC,TEN,19.981999588012695,1.5799999833106995,13.793646,1.5799999833106995,7.768353712558746,6.188353729248046,2.8176707291603087
00-0037324,C.Oladokun,17,66.0,1.0,0.0,23.0,00-0037324,11.0,0.0,0.0,7.7400002,KC,DEN,18.092000198364257,3.359999895095825,10.346666,3.359999895095825,11.105333757400512,7.745333862304687,4.909066667556763
00-0037742,T.Burks,17,0.0,0.0,0.0,1.0,,0.0,0.0,0.0,0.0,WAS,DAL,26.03199996948242,3.359999895095825,10.346666,3.359999895095825,19.045333528518675,15.68533363342285,6.497066621780395
00-0037834,B.Purdy,1,277.0,2.0,2.0,36.0,00-0037834,17.0,0.0,0.0,16.78,SF,SEA,19.415000915527344,5.139999866485596,17.265,5.139999866485596,7.290001392364502,2.1500015258789062,5.570000171661377
00-0037834,B.Purdy,4,309.0,2.0,2.0,40.0,00-0037834,13.0,0.0,0.0,17.66,SF,JAX,10.562499761581421,10.960000276565552,15.64,10.960000276565552,5.882499694824219,-5.077500581741333,9.944500160217284
00-0037834,B.Purdy,11,200.0,3.0,0.0,28.0,00-0037834,-7.0,0.0,0.0,19.3,SF,ARI,13.231999778747559,13.193333466847738,13.483999,13.193333466847738,12.941333993275961,-0.251999473571777,13.142933572133384
00-0037834,B.Purdy,12,193.0,1.0,3.0,32.0,00-0037834,16.0,0.0,0.0,7.319999,SF,CAR,7.9320001125335695,17.913333257039387,13.55,17.913333257039387,12.295333178838092,-5.618000078201294,16.789733241399126
00-0037834,B.Purdy,13,168.0,1.0,0.0,31.0,00-0037834,4.0,1.0,0.0,17.119999,SF,CLE,10.903999483585357,15.264999747276306,14.141562,15.264999747276306,12.027436769008636,-3.23756297826767,14.617487151622772
00-0037834,B.Purdy,15,295.0,3.0,0.0,32.0,00-0037834,44.0,0.0,0.0,28.199999,SF,TEN,19.881999969482422,15.635999584197998,16.586876,15.635999584197998,18.931123638153075,3.295124053955078,16.295024394989014
00-0037834,B.Purdy,16,295.0,5.0,1.0,35.0,00-0037834,11.0,0.0,0.0,30.9,SF,IND,11.226000022888183,17.919999217987062,13.793646,17.919999217987062,15.352353382110596,-2.5676458358764656,17.40647005081177
00-0038102,K.Pickett,7,8.0,0.0,0.0,2.0,00-0038102,0.0,0.0,1.0,-1.6800001,LV,KC,13.41599998474121,17.9849990606308,15.190001,17.9849990606308,16.210998511314394,-1.7740005493164066,17.630198950767518
00-0038102,K.Pickett,10,0.0,0.0,0.0,1.0,,0.0,0.0,0.0,0.0,LV,DEN,12.911999893188476,12.739999234676361,14.004286,12.739999234676361,11.647713315486907,-1.0922859191894538,12.52154205083847
00-0038102,K.Pickett,14,97.0,1.0,0.0,12.0,00-0038102,6.0,0.0,0.0,8.4800005,LV,DEN,10.109999990463256,10.909999430179596,14.376429,10.909999430179596,6.643570816516876,-4.26642861366272,10.056713707447052
00-0038102,K.Pickett,15,64.0,0.0,1.0,29.0,00-0038102,7.0,0.0,0.0,1.26,LV,PHI,14.523999786376953,8.749999821186066,16.586876,8.749999821186066,6.687123692035675,-2.062876129150391,8.337424595355987
00-0038120,B.Hall,8,4.0,1.0,0.0,1.0,00-0038120,133.0,2.0,0.0,29.46,NYJ,CIN,18.173999786376953,2.266666809717814,15.449999,2.266666809717814,4.990667740503946,2.724000930786133,2.8114669958750405
00-0038128,M.Willis,11,6.0,1.0,0.0,2.0,00-0038128,16.0,0.0,0.0,5.8399997,GB,NYG,24.96799964904785,2.266666809717814,13.483999,2.266666809717814,13.750667206446328,11.484000396728515,4.563466889063517
00-0038128,M.Willis,12,7.0,0.0,0.0,1.0,00-0038128,3.0,0.0,0.0,0.58000004,GB,MIN,18.727999877929687,4.773333390553792,13.55,4.773333390553792,9.951333077748615,5.1779996871948235,5.808933327992757
00-0038128,M.Willis,16,121.0,1.0,0.0,13.0,00-0038128,44.0,0.0,0.0,13.24,GB,CHI,10.916000270843506,4.966666738192241,13.793646,4.966666738192241,2.0890211502710985,-2.8776455879211422,4.391137620608013
00-0038400,T.McKee,15,33.0,0.0,0.0,3.0,00-0038400,9.0,0.0,0.0,2.22,PHI,LV,12.452000141143799,3.2099998593330383,16.586876,3.2099998593330383,-0.9248759150505066,-4.134875774383545,2.3830247044563295
00-0038416,T.Bagent,2,27.0,0.0,0.0,3.0,00-0038416,7.0,0.0,0.0,1.78,CHI,DET,17.445000171661377,3.2099998593330383,16.66625,3.2099998593330383,3.9887498021125793,0.778749942779541,3.3657498478889467
00-0038416,T.Bagent,9,20.0,0.0,0.0,1.0,,0.0,0.0,0.0,0.8,CHI,CIN,21.157999801635743,2.7333332300186157,17.785,2.7333332300186157,6.106333184242249,3.3729999542236335,3.4079332208633426
00-0039054,M.Mapu,16,0.0,0.0,0.0,1.0,,0.0,0.0,0.0,0.0,NE,BAL,12.215999650955201,1.1800000071525574,13.793646,1.1800000071525574,-0.39764620065689016,-1.5776462078094475,0.8644707655906678
00-0039150,B.Young,1,154.0,1.0,2.0,36.0,00-0039150,40.0,0.0,1.0,8.16,CAR,JAX,11.287500143051147,1.7799999713897705,17.265,1.7799999713897705,-4.1974992752075195,-5.97749924659729,0.5845001220703125
00-0039150,B.Young,2,328.0,3.0,1.0,58.0,00-0039150,2.0,0.0,0.0,23.32,CAR,ARI,11.460000991821289,4.96999990940094,16.66625,4.96999990940094,-0.23624932765960693,-5.206249237060547,3.9287500619888305
00-0039150,B.Young,3,121.0,0.0,0.0,25.0,00-0039150,8.0,1.0,0.0,11.64,CAR,ATL,18.509999871253967,11.086666504542032,13.318125,11.086666504542032,16.278541604677834,5.191875100135803,12.125041524569193
00-0039150,B.Young,4,150.0,1.0,0.0,31.0,00-0039150,3.0,0.0,0.0,10.3,CAR,NE,11.93999995291233,14.373333295186361,15.64,14.373333295186361,10.673332904775938,-3.7000003904104233,13.633333217104276
00-0039150,B.Young,5,198.0,2.0,1.0,33.0,00-0039150,1.0,0.0,0.0,14.02,CAR,MIA,26.485000133514404,13.355000019073486,16.651785,13.355000019073486,23.188215255737305,9.833215236663818,15.32164306640625
00-0039150,B.Young,6,199.0,3.0,1.0,26.0,00-0039150,5.0,0.0,0.0,18.46,CAR,DAL,26.77999954223633,13.488000106811523,15.825,13.488000106811523,24.442999839782715,10.954999732971192,15.679000053405762
00-0039150,B.Young,7,138.0,1.0,0.0,26.0,00-0039150,10.0,0.0,0.0,10.52,CAR,NYJ,16.2879997253418,15.547999954223632,15.190001,15.547999954223632,16.645999145507815,1.097999191284181,15.76759979248047
00-0039150,B.Young,9,102.0,0.0,1.0,21.0,00-0039150,9.0,0.0,0.0,2.98,CAR,GB,17.984000301361085,12.988000106811523,17.785,12.988000106811523,13.187000560760499,0.19900045394897603,13.027800197601318
00-0039150,B.Young,10,124.0,0.0,1.0,27.0,00-0039150,6.0,0.0,1.0,1.56,CAR,NO,16.083999633789062,11.25600004196167,14.004286,11.25600004196167,13.335713863372803,2.079713821411133,11.671942806243896
00-0039150,B.Young,11,448.0,3.0,0.0,52.0,00-0039150,-1.0,0.0,0.0,29.82,CAR,ATL,13.708000087738037,9.507999992370605,13.483999,9.507999992370605,9.732000827789307,0.22400083541870153,9.552800159454346
00-0039150,B.Young,12,169.0,1.0,2.0,31.0,00-0039150,15.0,0.0,0.0,8.26,CAR,SF,22.396000480651857,12.667999839782714,13.55,12.667999839782714,21.51400012969971,8.846000289916994,14.437199897766114
00-0039150,B.Young,13,206.0,3.0,0.0,22.0,00-0039150,23.0,0.0,0.0,22.539999,CAR,LA,10.877999687194825,10.628000068664551,14.141562,10.628000068664551,7.364437294006349,-3.2635627746582028,9.97528751373291
00-0039150,B.Young,15,163.0,1.0,0.0,25.0,00-0039150,49.0,0.0,0.0,15.42,CAR,NO,11.724000072479248,13.031999778747558,16.586876,13.031999778747558,8.169123935699462,-4.862875843048096,12.059424610137938
00-0039150,B.Young,16,191.0,2.0,0.0,34.0,00-0039150,20.0,0.0,0.0,17.64,CAR,TB,26.684000396728514,15.519999790191651,13.793646,15.519999790191651,28.410354328155517,12.890354537963866,18.098070697784426
00-0039163,C.Stroud,1,188.0,0.0,1.0,30.0,00-0039163,32.0,0.0,0.0,8.72,HOU,LA,14.909999132156372,19.009999752044678,17.265,19.009999752044678,16.654999494552612,-2.3550002574920654,18.538999700546263
00-0039163,C.Stroud,2,207.0,1.0,0.0,28.0,00-0039163,27.0,0.0,0.0,14.98,HOU,TB,13.140000224113464,13.734999895095825,16.66625,13.734999895095825,10.208749890327454,-3.5262500047683716,13.029749894142151
00-0039163,C.Stroud,3,204.0,1.0,2.0,40.0,00-0039163,22.0,0.0,0.0,10.36,HOU,JAX,10.394999980926514,15.414999723434448,13.318125,15.414999723434448,12.491874933242798,-2.9231247901916504,14.830374765396119
00-0039163,C.Stroud,4,233.0,2.0,0.0,31.0,00-0039163,11.0,0.0,0.0,18.42,HOU,TEN,17.22499990463257,12.369999885559082,15.64,12.369999885559082,13.954999446868896,1.5849995613098145,12.686999797821045
00-0039163,C.Stroud,5,244.0,4.0,0.0,29.0,00-0039163,30.0,0.0,0.0,28.76,HOU,BAL,21.625000476837158,13.119999885559082,16.651785,13.119999885559082,18.093215465545654,4.973215579986572,14.114643001556397
00-0039163,C.Stroud,7,229.0,1.0,1.0,53.0,00-0039163,25.0,0.0,0.0,13.66,HOU,SEA,14.057999897003175,16.247999954223634,15.190001,16.247999954223634,15.11599931716919,-1.1320006370544426,16.021599826812746
00-0039163,C.Stroud,8,318.0,2.0,1.0,39.0,00-0039163,30.0,0.0,0.0,21.720001,HOU,SF,17.03200035095215,17.235999870300294,15.449999,17.235999870300294,18.818001365661623,1.5820014953613288,17.55240016937256
00-0039163,C.Stroud,9,79.0,0.0,0.0,12.0,00-0039163,12.0,0.0,0.0,4.36,HOU,DEN,12.93799991607666,18.584000205993654,17.785,18.584000205993654,13.737000274658204,-4.84699993133545,17.614600219726565
00-0039163,C.Stroud,13,276.0,0.0,1.0,37.0,00-0039163,0.0,0.0,0.0,9.04,HOU,IND,15.767999649047852,17.384000301361084,14.141562,17.384000301361084,19.010437488555908,1.6264371871948242,17.70928773880005
00-0039163,C.Stroud,14,203.0,1.0,0.0,34.0,00-0039163,5.0,0.0,0.0,12.62,HOU,KC,16.67599983215332,15.5080002784729,14.376429,15.5080002784729,17.807571506500246,2.299571228027343,15.967914524078369
00-0039163,C.Stroud,15,260.0,3.0,0.0,30.0,00-0039163,10.0,0.0,0.0,23.4,HOU,ARI,16.611999702453613,12.28000020980835,16.586876,12.28000020980835,12.305123996734618,0.02512378692626882,12.285024967193603
00-0039163,C.Stroud,16,187.0,1.0,0.0,35.0,00-0039163,0.0,0.0,0.0,11.48,HOU,LV,14.384000015258788,14.228000164031982,13.793646,14.228000164031982,14.818354320526122,0.5903541564941399,14.34607099533081
00-0039164,A.Richardson,5,9.0,0.0,0.0,2.0,,0.0,0.0,0.0,0.36,IND,LV,16.354999780654907,12.354999899864197,16.651785,12.354999899864197,12.058214783668518,-0.2967851161956787,12.295642876625061
00-0039376,S.Rattler,1,214.0,0.0,0.0,47.0,00-0039376,29.0,0.0,0.0,11.460001,NO,ARI,,15.019999821980795,17.265,15.019999821980795,,,
00-0039376,S.Rattler,2,207.0,3.0,0.0,37.0,00-0039376,14.0,0.0,0.0,21.679998,NO,SF,3.40500009059906,15.826666831970215,16.66625,15.826666831970215,2.565416693687439,-13.261250138282776,13.17441680431366
00-0039376,S.Rattler,3,218.0,1.0,1.0,41.0,00-0039376,10.0,0.0,0.0,11.72,NO,SEA,14.627500295639038,18.84666633605957,13.318125,18.84666633605957,20.156041860580444,1.309375524520874,19.108541440963744
00-0039376,S.Rattler,4,126.0,1.0,0.0,30.0,00-0039376,49.0,0.0,0.0,13.940001,NO,BUF,13.46500015258789,14.953333218892416,15.64,14.953333218892416,12.778333028157553,-2.1750001907348633,14.518333180745444
00-0039376,S.Rattler,5,225.0,1.0,0.0,31.0,00-0039376,21.0,0.0,0.0,15.1,NO,NYG,16.484999656677246,14.700000047683716,16.651785,14.700000047683716,14.533214807510376,-0.16678524017333984,14.666642999649047
00-0039376,S.Rattler,6,227.0,0.0,0.0,28.0,00-0039376,20.0,0.0,0.0,11.08,NO,NE,15.093999481201172,14.780000114440918,15.825,14.780000114440918,14.048999786376953,-0.7310003280639652,14.633800048828125
00-0039376,S.Rattler,7,233.0,2.0,3.0,36.0,00-0039376,12.0,0.0,0.0,12.5199995,NO,CHI,18.087999725341795,14.703999900817871,15.190001,14.703999900817871,17.601999092102048,2.8979991912841783,15.283599739074708
00-0039376,S.Rattler,8,136.0,0.0,1.0,24.0,00-0039376,12.0,0.0,1.0,2.6400003,NO,TB,17.84799995422363,12.872000122070313,15.449999,12.872000122070313,15.270001220703124,2.398001098632811,13.351600341796875
00-0039376,S.Rattler,15,0.0,0.0,0.0,1.0,,0.0,0.0,0.0,0.0,NO,CAR,9.092000102996826,11.056000137329102,16.586876,11.056000137329102,3.561124324798584,-7.494875812530518,9.557024974822998
00-0039398,J.Milton,3,41.0,0.0,1.0,5.0,,0.0,0.0,0.0,-0.36,DAL,CHI,19.209999799728394,10.335000038146973,13.318125,10.335000038146973,16.226875066757202,5.8918750286102295,11.513375043869019
00-0039398,J.Milton,8,58.0,1.0,0.0,4.0,,0.0,0.0,0.0,6.3199997,DAL,DEN,14.564000034332276,6.469999939203262,15.449999,6.469999939203262,5.584001117944718,-0.8859988212585446,6.292800174951553
00-0039398,J.Milton,16,11.0,0.0,0.0,2.0,00-0039398,7.0,0.0,1.0,-0.86,DAL,LAC,8.366000032424926,5.279999881982803,13.793646,5.279999881982803,-0.1476459443569187,-5.427645826339722,4.194470716714859
00-0039451,I.Williams,11,0.0,0.0,0.0,1.0,00-0039451,4.0,0.0,0.0,0.4,NYJ,NE,16.095999908447265,2.8666666746139526,13.483999,2.8666666746139526,5.478667330741882,2.612000656127929,3.3890668058395383
00-0039577,K.Slovis,10,0.0,0.0,0.0,1.0,,0.0,0.0,0.0,0.0,ARI,SEA,17.771999740600585,2.979999840259552,14.004286,2.979999840259552,6.747713768482207,3.767713928222655,3.733542625904083
00-0039577,K.Slovis,12,-2.0,0.0,0.0,1.0,,0.0,0.0,0.0,-0.08,ARI,JAX,20.356000328063963,1.9866665601730347,13.55,1.9866665601730347,8.792666697502135,6.8060001373291,3.3478665876388547
00-0039732,B.Nix,1,176.0,1.0,2.0,41.0,00-0039732,18.0,0.0,0.0,8.84,DEN,TEN,22.6850004196167,3.1599998474121094,17.265,3.1599998474121094,8.580000877380371,5.420001029968262,4.244000053405761
00-0039732,B.Nix,2,206.0,3.0,1.0,30.0,00-0039732,20.0,0.0,0.0,20.24,DEN,IND,11.605000138282776,4.420000076293945,16.66625,4.420000076293945,-0.6412500143051147,-5.06125009059906,3.407750058174133
00-0039732,B.Nix,3,153.0,1.0,0.0,27.0,00-0039732,33.0,0.0,0.0,13.42,DEN,LAC,18.445000410079956,9.693333307902018,13.318125,9.693333307902018,14.82020894686381,5.126875638961792,10.718708435694376
00-0039732,B.Nix,4,326.0,2.0,1.0,42.0,00-0039732,7.0,1.0,0.0,25.740002,DEN,CIN,10.790000081062317,10.625,15.64,10.625,5.774999737739563,-4.850000262260437,9.654999947547912
00-0039732,B.Nix,5,242.0,1.0,0.0,42.0,00-0039732,22.0,0.0,0.0,15.88,DEN,PHI,13.920000195503235,17.0600004196167,16.651785,17.0600004196167,14.328215718269348,-2.731784701347351,16.51364347934723
00-0039732,B.Nix,6,174.0,1.0,0.0,31.0,00-0039732,24.0,0.0,0.0,13.360001,DEN,NYJ,18.747999572753905,16.824000358581543,15.825,16.824000358581543,19.74700012207031,2.922999763488768,17.408600311279297
00-0039732,B.Nix,7,279.0,2.0,0.0,54.0,00-0039732,48.0,2.0,0.0,35.96,DEN,NYG,14.86399974822998,17.728000450134278,15.190001,17.728000450134278,17.401999664306643,-0.32600078582763636,17.66280029296875
00-0039732,B.Nix,8,247.0,4.0,1.0,30.0,00-0039732,-1.0,0.0,0.0,23.78,DEN,DAL,21.921999740600587,20.872000312805177,15.449999,20.872000312805177,27.344001197814944,6.472000885009766,22.16640048980713
00-0039732,B.Nix,9,173.0,2.0,1.0,39.0,00-0039732,36.0,0.0,0.0,16.52,DEN,HOU,6.757999897003174,22.944000434875488,17.785,22.944000434875488,11.917000484466552,-11.026999950408936,20.7386004447937
00-0039732,B.Nix,10,150.0,1.0,2.0,29.0,00-0039732,-2.0,0.0,0.0,5.8,DEN,LV,15.155999755859375,21.100000190734864,14.004286,21.100000190734864,22.251714134216307,1.151713943481445,21.33034297943115
00-0039732,B.Nix,11,295.0,0.0,0.0,39.0,00-0039732,8.0,0.0,0.0,12.6,DEN,KC,16.749999952316283,19.084000205993654,13.483999,19.084000205993654,22.3500009059906,3.2660006999969475,19.737200345993042
00-0039732,B.Nix,13,321.0,1.0,1.0,46.0,00-0039732,16.0,0.0,0.0,16.44,DEN,WAS,18.522000312805176,18.932000160217285,14.141562,18.932000160217285,23.312438011169434,4.380437850952148,19.808087730407713
00-0039732,B.Nix,14,212.0,0.0,0.0,41.0,00-0039732,15.0,1.0,0.0,15.98,DEN,LV,13.496000385284423,15.028000450134277,14.376429,15.028000450134277,14.147572231292724,-0.8804282188415531,14.851914806365967
00-0039732,B.Nix,15,302.0,4.0,0.0,34.0,00-0039732,10.0,0.0,0.0,29.08,DEN,GB,11.080000019073486,13.468000221252442,16.586876,13.468000221252442,7.961124324798584,-5.506875896453858,12.36662504196167
00-0039732,B.Nix,16,352.0,1.0,1.0,48.0,00-0039732,11.0,0.0,1.0,15.18,DEN,JAX,6.51800012588501,15.980000114440918,13.793646,15.980000114440918,8.704354381561279,-7.275645732879639,14.52487096786499
00-0039732,B.Nix,17,182.0,1.0,1.0,39.0,00-0039732,42.0,1.0,0.0,19.48,DEN,KC,15.295999336242676,17.8560001373291,10.346666,17.8560001373291,22.805333137512207,4.949333000183106,18.84586673736572
00-0039750,J.Karty,3,0.0,0.0,0.0,1.0,,0.0,0.0,0.0,0.0,LA,PHI,20.81999981403351,19.170000076293945,13.318125,19.170000076293945,26.67187511920929,7.501875042915344,20.670375084877016
00-0039851,D.Maye,1,287.0,1.0,1.0,50.0,00-0039851,11.0,0.0,0.0,14.58,NE,LV,8.847499907016754,20.079999923706055,17.265,20.079999923706055,11.662500441074371,-8.417499482631683,18.39650002717972
00-0039851,D.Maye,2,230.0,2.0,0.0,26.0,00-0039851,31.0,1.0,0.0,26.300001,NE,MIA,16.204999685287476,19.613333384195965,16.66625,19.613333384195965,19.152082840601604,-0.46125054359436035,19.521083275477093
00-0039851,D.Maye,3,268.0,2.0,1.0,42.0,00-0039851,45.0,0.0,0.0,21.220001,NE,PIT,15.184999883174896,18.68666712443034,13.318125,18.68666712443034,20.553542236487072,1.8668751120567322,19.060042146841685
00-0039851,D.Maye,4,203.0,2.0,0.0,18.0,00-0039851,11.0,1.0,0.0,23.22,NE,CAR,11.822499930858612,20.700000762939453,15.64,20.700000762939453,16.88250035047531,-3.817500412464142,19.936500680446624
00-0039851,D.Maye,5,273.0,0.0,0.0,34.0,00-0039851,12.0,0.0,0.0,12.12,NE,BUF,13.582500219345093,21.330000400543213,16.651785,21.330000400543213,18.26071572303772,-3.069284677505493,20.716143465042116
00-0039851,D.Maye,6,261.0,3.0,0.0,27.0,00-0039851,28.0,0.0,0.0,25.239998,NE,NO,18.626000213623048,19.488000297546385,15.825,19.488000297546385,22.289000701904296,2.801000404357911,20.048200378417967
00-0039851,D.Maye,7,222.0,2.0,0.0,27.0,00-0039851,62.0,0.0,0.0,23.080002,NE,TEN,13.573999786376953,21.619999885559082,15.190001,21.619999885559082,20.003999137878417,-1.6160007476806637,21.296799736022948
00-0039851,D.Maye,8,282.0,3.0,1.0,30.0,00-0039851,50.0,0.0,0.0,26.279999,NE,CLE,10.341999876499177,20.976000022888183,15.449999,20.976000022888183,15.86800104379654,-5.107998979091644,19.954400227069854
00-0039851,D.Maye,9,259.0,2.0,1.0,35.0,00-0039851,20.0,0.0,0.0,18.36,NE,ATL,11.711999988555908,21.987999534606935,17.785,21.987999534606935,15.914999675750733,-6.0729998588562015,20.773399562835696
00-0039851,D.Maye,10,270.0,2.0,1.0,32.0,00-0039851,13.0,0.0,0.0,18.099998,NE,TB,14.807999897003175,21.015999794006348,14.004286,21.015999794006348,21.819713878631593,0.8037140846252449,21.176742610931395
00-0039851,D.Maye,11,281.0,1.0,0.0,35.0,00-0039851,2.0,0.0,0.0,15.44,NE,NYJ,18.479999828338624,22.21199951171875,13.483999,22.21199951171875,27.20800008773804,4.996000576019288,23.21119962692261
00-0039851,D.Maye,12,294.0,1.0,1.0,36.0,00-0039851,22.0,0.0,0.0,15.96,NE,CIN,16.031999588012695,20.251999855041504,13.55,20.251999855041504,22.733999252319336,2.481999397277832,20.74839973449707
00-0039851,D.Maye,13,282.0,2.0,0.0,34.0,00-0039851,12.0,0.0,0.0,20.48,NE,NYG,19.23400001525879,18.82799949645996,14.141562,18.82799949645996,23.920437049865722,5.092437553405762,19.84648700714111
00-0039851,D.Maye,15,155.0,0.0,1.0,26.0,00-0039851,43.0,2.0,0.0,20.5,NE,BUF,13.771999883651734,17.66799964904785,16.586876,17.66799964904785,14.85312361717224,-2.8148760318756096,17.10502444267273
00-0039851,D.Maye,16,380.0,2.0,1.0,48.0,00-0039851,25.0,0.0,0.0,23.7,NE,BAL,12.215999650955201,18.09599952697754,13.793646,18.09599952697754,16.518353319168092,-1.5776462078094475,17.78047028541565
00-0039910,J.Daniels,1,233.0,1.0,0.0,33.0,00-0039910,68.0,0.0,0.0,20.119999,WAS,NYG,11.410000085830688,18.09499979019165,17.265,18.09499979019165,12.240000486373901,-5.854999303817749,16.9239999294281
00-0039910,J.Daniels,2,200.0,2.0,0.0,47.0,00-0039910,17.0,0.0,0.0,17.7,WAS,GB,15.950000524520874,19.264999628067017,16.66625,19.264999628067017,18.548749923706055,-0.7162497043609619,19.121749687194825
00-0039910,J.Daniels,5,231.0,1.0,0.0,27.0,00-0039910,39.0,0.0,0.0,17.14,WAS,LAC,13.180000066757202,19.699999809265137,16.651785,19.699999809265137,16.228214979171753,-3.471784830093384,19.00564284324646
00-0039910,J.Daniels,6,211.0,3.0,1.0,29.0,00-0039910,52.0,0.0,1.0,21.64,WAS,CHI,17.199999809265137,18.864999771118164,15.825,18.864999771118164,20.239999771118164,1.375,19.139999771118163
00-0039910,J.Daniels,7,156.0,1.0,0.0,24.0,00-0039910,35.0,1.0,0.0,19.74,WAS,DAL,25.615999603271483,19.149999618530273,15.190001,19.149999618530273,29.57599868774414,10.425999069213866,21.235199432373047
00-0039910,J.Daniels,9,153.0,0.0,1.0,26.0,00-0039910,51.0,1.0,0.0,15.219999,WAS,SEA,15.899999904632569,19.26799964904785,17.785,19.26799964904785,17.38299970626831,-1.8849999427795403,18.890999660491943
00-0039910,J.Daniels,14,78.0,0.0,1.0,21.0,00-0039910,16.0,0.0,0.0,2.7199998,WAS,MIN,10.651999902725219,18.2879997253418,14.376429,18.2879997253418,14.56357102394104,-3.7244287014007575,17.543113985061648
00-0039917,M.Penix,1,298.0,1.0,0.0,43.0,00-0039917,21.0,1.0,0.0,24.02,ATL,TB,12.604999899864197,18.434999465942383,17.265,18.434999465942383,13.774999976158142,-4.659999489784241,17.502999567985533
00-0039917,M.Penix,2,135.0,0.0,0.0,24.0,00-0039917,-1.0,0.0,0.0,5.3,ATL,MIN,14.725000113248825,20.15499973297119,16.66625,20.15499973297119,18.21374961733818,-1.9412501156330109,19.76674970984459
00-0039917,M.Penix,3,172.0,0.0,2.0,36.0,00-0039917,9.0,0.0,0.0,3.7800002,ATL,CAR,17.045000076293945,16.069999933242798,13.318125,16.069999933242798,19.79687523841858,3.7268753051757812,16.815374994277953
00-0039917,M.Penix,4,313.0,2.0,1.0,27.0,00-0039917,2.0,0.0,0.0,18.720001,ATL,WAS,21.065000295639038,12.080000042915344,15.64,12.080000042915344,17.50499999523163,5.424999952316284,13.1650000333786
00-0039917,M.Penix,6,250.0,1.0,0.0,34.0,00-0039917,6.0,0.0,0.0,14.6,ATL,BUF,13.29000015258789,12.955000519752502,15.825,12.955000519752502,10.420000863075256,-2.534999656677247,12.448000588417052
00-0039917,M.Penix,7,241.0,1.0,0.0,40.0,00-0039917,6.0,0.0,0.0,14.240001,ATL,SF,18.51999988555908,13.284000492095947,15.190001,13.284000492095947,16.613999843597412,3.3299993515014634,13.95000036239624
00-0039917,M.Penix,9,221.0,3.0,0.0,38.0,00-0039917,19.0,0.0,0.0,22.74,ATL,NE,12.509999465942382,11.328000545501709,17.785,11.328000545501709,6.053000164031982,-5.275000381469727,10.273000469207764
00-0039917,M.Penix,10,177.0,1.0,0.0,32.0,00-0039917,-1.0,0.0,0.0,10.98,ATL,IND,15.879999542236328,14.81600046157837,14.004286,14.81600046157837,16.691714191436766,1.8757137298583988,15.191143207550049
00-0039917,M.Penix,11,175.0,0.0,0.0,16.0,00-0039917,9.0,0.0,0.0,7.9,ATL,CAR,11.397999715805053,16.256000328063966,13.483999,16.256000328063966,14.170000791549683,-2.085999536514283,15.838800420761109
00-0039918,C.Williams,1,210.0,1.0,0.0,37.0,00-0039918,58.0,1.0,0.0,24.2,CHI,MIN,12.529999941587448,15.640000104904175,17.265,15.640000104904175,10.905000656843185,-4.734999448060989,14.693000215291978
00-0039918,C.Williams,2,207.0,2.0,1.0,34.0,00-0039918,27.0,0.0,0.0,16.98,CHI,DET,17.445000171661377,18.040000200271606,16.66625,18.040000200271606,18.818750143051147,0.778749942779541,18.195750188827514
00-0039918,C.Williams,3,298.0,4.0,0.0,28.0,00-0039918,12.0,0.0,0.0,29.12,CHI,DAL,21.15999937057495,18.72499990463257,13.318125,18.72499990463257,26.566874504089355,7.841874599456787,20.293374824523926
00-0039918,C.Williams,4,212.0,1.0,1.0,39.0,00-0039918,13.0,0.0,0.0,11.78,CHI,LV,14.902499794960022,20.320000171661377,15.64,20.320000171661377,19.582499623298645,-0.7375005483627319,20.17250006198883
00-0039918,C.Williams,6,252.0,1.0,0.0,33.0,00-0039918,-2.0,1.0,0.0,19.880001,CHI,WAS,16.70600070953369,20.520000219345093,15.825,20.520000219345093,21.401001119613646,0.8810009002685533,20.696200399398805
00-0039918,C.Williams,7,172.0,0.0,1.0,27.0,00-0039918,-2.0,0.0,0.0,4.6800003,CHI,NO,20.00999984741211,20.39200038909912,15.190001,20.39200038909912,25.211999702453614,4.819999313354494,21.35600025177002
00-0039918,C.Williams,8,285.0,0.0,1.0,39.0,00-0039918,24.0,0.0,0.0,11.799999,CHI,BAL,14.813999938964844,16.488000297546385,15.449999,16.488000297546385,15.85200138092041,-0.6359989166259759,16.36080051422119
00-0039918,C.Williams,9,280.0,3.0,0.0,37.0,00-0039918,53.0,0.0,0.0,28.5,CHI,CIN,21.157999801635743,15.45200023651123,17.785,15.45200023651123,18.825000190734862,3.3729999542236335,16.126600227355958
00-0039918,C.Williams,10,220.0,1.0,0.0,36.0,00-0039918,63.0,1.0,0.0,25.1,CHI,NYG,21.52399959564209,15.32800006866455,14.004286,15.32800006866455,22.84771385192871,7.519713783264159,16.831942825317384
00-0039918,C.Williams,11,193.0,0.0,0.0,34.0,00-0039918,26.0,0.0,0.0,10.32,CHI,MIN,19.88400001525879,17.99200019836426,13.483999,17.99200019836426,24.39200096130371,6.400000762939452,19.27200035095215
00-0039918,C.Williams,12,239.0,3.0,0.0,36.0,00-0039918,21.0,0.0,0.0,23.660002,CHI,PIT,18.98399963378906,16.079999923706055,13.55,16.079999923706055,21.513999366760252,5.433999443054198,17.166799812316896
00-0039918,C.Williams,13,154.0,1.0,1.0,38.0,00-0039918,13.0,0.0,0.0,9.46,CHI,PHI,15.947999572753906,19.876000213623048,14.141562,19.876000213623048,21.682437324523924,1.8064371109008786,20.237287635803224
00-0039918,C.Williams,14,186.0,2.0,1.0,36.0,00-0039918,15.0,0.0,0.0,14.940001,CHI,GB,8.68799991607666,19.40800037384033,14.376429,19.40800037384033,13.719571685791013,-5.688428688049317,18.270314636230466
00-0039918,C.Williams,15,242.0,2.0,0.0,31.0,00-0039918,13.0,0.0,0.0,18.98,CHI,CLE,10.63399953842163,16.696000480651854,16.586876,16.696000480651854,10.74312410354614,-5.952876377105714,15.505425205230711
00-0039918,C.Williams,16,250.0,2.0,0.0,34.0,00-0039918,30.0,0.0,0.0,21.0,CHI,GB,14.492000102996826,15.472000312805175,13.793646,15.472000312805175,16.170354557037353,0.6983542442321777,15.61167116165161
00-0039923,J.McCarthy,1,143.0,2.0,1.0,25.0,00-0039923,25.0,1.0,0.0,20.22,MIN,CHI,8.74750006198883,16.760000467300415,17.265,16.760000467300415,8.242501139640808,-8.517499327659607,15.056500601768494
00-0039923,J.McCarthy,2,158.0,0.0,2.0,27.0,00-0039923,25.0,0.0,0.0,4.82,MIN,ATL,20.919999837875366,15.899999856948853,16.66625,15.899999856948853,20.153749465942383,4.25374960899353,16.750749778747558
00-0039923,J.McCarthy,9,143.0,2.0,1.0,30.0,00-0039923,12.0,1.0,0.0,18.919998,MIN,DET,16.276000213623046,14.739999890327454,17.785,14.739999890327454,13.23100025653839,-1.5089996337890632,14.438199963569641
00-0039923,J.McCarthy,10,248.0,1.0,2.0,44.0,00-0039923,48.0,0.0,0.0,14.72,MIN,BAL,14.793999671936035,15.734999299049377,14.004286,15.734999299049377,16.524713158607483,0.7897138595581055,15.892942070960999
00-0039923,J.McCarthy,11,150.0,1.0,2.0,32.0,,0.0,0.0,0.0,6.0,MIN,CHI,19.247999954223634,14.669999480247498,13.483999,14.669999480247498,20.434000182151795,5.764000701904298,15.822799620628357
00-0039923,J.McCarthy,12,87.0,0.0,2.0,24.0,00-0039923,10.0,0.0,0.0,0.48000002,MIN,GB,13.311999988555907,12.935999584197997,13.55,12.935999584197997,12.697999382019042,-0.2380002021789558,12.888399543762207
00-0039923,J.McCarthy,14,163.0,3.0,0.0,27.0,00-0039923,19.0,0.0,0.0,20.42,MIN,WAS,17.157999992370605,8.987999725341798,14.376429,8.987999725341798,11.769571113586426,2.781571388244629,9.544314002990724
00-0039923,J.McCarthy,15,250.0,2.0,1.0,24.0,00-0039923,15.0,1.0,0.0,23.5,MIN,DAL,22.843999481201173,12.107999706268311,16.586876,12.107999706268311,18.36512327194214,6.2571235656738295,13.359424419403076
00-0039923,J.McCarthy,16,108.0,0.0,1.0,17.0,00-0039923,20.0,1.0,0.0,10.32,MIN,NYG,18.045999908447264,13.024000072479248,13.793646,13.024000072479248,17.276354122161862,4.252354049682616,13.874470882415771
00-0040128,T.Warren,5,0.0,0.0,0.0,1.0,,0.0,0.0,0.0,0.0,IND,LV,16.354999780654907,12.600000023841858,16.651785,12.600000023841858,12.30321490764618,-0.2967851161956787,12.540643000602723
00-0040206,R.Leonard,8,0.0,0.0,0.0,2.0,00-0040206,1.0,0.0,0.0,0.1,IND,TEN,12.446000099182129,14.800000031789144,15.449999,14.800000031789144,11.796001275380453,-3.0039987564086914,14.199200280507407
00-0040206,R.Leonard,14,145.0,0.0,1.0,31.0,00-0040206,5.0,1.0,0.0,10.3,IND,JAX,14.008000087738036,14.673333359261354,14.376429,14.673333359261354,14.304904842873414,-0.36842851638794016,14.599647655983766
00-0040206,R.Leonard,16,0.0,0.0,0.0,1.0,,0.0,0.0,0.0,0.0,IND,SF,15.464000225067139,11.300000064074993,13.793646,11.300000064074993,12.970354430377483,1.6703543663024902,11.63407093733549
00-0040234,Q.Ewers,7,53.0,0.0,0.0,10.0,00-0040234,0.0,0.0,0.0,2.12,MIA,CLE,15.529999732971191,5.20000009611249,15.190001,5.20000009611249,5.539999295026064,0.3399991989135742,5.2679999358952045
00-0040234,Q.Ewers,16,260.0,0.0,2.0,30.0,00-0040234,5.0,0.0,0.0,6.8999996,MIA,CIN,17.229999923706053,4.1733333592613535,13.793646,4.1733333592613535,7.609687424202758,3.436354064941405,4.8606041722496345
00-0040398,B.Cook,14,163.0,0.0,2.0,36.0,00-0040398,0.0,0.0,0.0,2.52,NYJ,MIA,16.960000038146973,4.1733333592613535,14.376429,4.1733333592613535,6.75690479328235,2.583571434020996,4.690047646065553
00-0040398,B.Cook,15,176.0,1.0,3.0,36.0,00-0040398,39.0,0.0,0.0,8.940001,NYJ,JAX,9.866000080108643,4.980000019073486,16.586876,4.980000019073486,-1.7408758163452145,-6.720875835418701,3.635824851989746
00-0040398,B.Cook,16,188.0,0.0,1.0,43.0,00-0040398,2.0,0.0,0.0,5.72,NYJ,NO,9.440000057220459,4.526666800181071,13.793646,4.526666800181071,0.1730209986368818,-4.3536458015441895,3.655937639872233
00-0040494,M.Brosmer,3,29.0,0.0,0.0,4.0,,0.0,0.0,0.0,1.16,MIN,CIN,13.545000195503235,4.526666800181071,13.318125,4.526666800181071,4.753542224566142,0.2268754243850708,4.572041885058085
00-0040494,M.Brosmer,8,13.0,0.0,0.0,4.0,,0.0,0.0,0.0,0.52,MIN,LAC,12.803999900817871,4.206666827201843,15.449999,4.206666827201843,1.560667872428894,-2.645998954772949,3.6774670362472532
00-0040494,M.Brosmer,13,126.0,0.0,4.0,34.0,00-0040494,-1.0,0.0,0.0,-3.06,MIN,SEA,15.345999908447265,3.285000115633011,14.141562,3.285000115633011,4.489437562227248,1.2044374465942376,3.5258876049518584
00-0040494,M.Brosmer,16,52.0,0.0,0.0,10.0,00-0040494,-3.0,0.0,0.0,1.78,MIN,NYG,18.045999908447264,1.8900001347064972,13.793646,1.8900001347064972,6.142354184389113,4.252354049682616,2.7404709446430204
00-0040494,M.Brosmer,17,51.0,0.0,0.0,23.0,00-0040494,16.0,0.0,0.0,3.6399999,MIN,DET,18.45800037384033,0.09999999403953552,10.346666,0.09999999403953552,8.211334031820297,8.111334037780761,1.722266801595688
00-0040668,S.Sanders,11,47.0,0.0,1.0,18.0,00-0040668,16.0,0.0,0.0,1.48,CLE,BAL,12.277999877929688,0.09999999403953552,13.483999,0.09999999403953552,-1.105999380350113,-1.2059993743896484,-0.1411998808383942
00-0040668,S.Sanders,12,209.0,1.0,1.0,21.0,00-0040668,-1.0,0.0,0.0,10.259999,CLE,LV,17.508000087738036,0.18000000715255737,13.55,0.18000000715255737,4.1379999041557305,3.957999897003173,0.971599986553192
00-0040668,S.Sanders,13,149.0,1.0,0.0,28.0,00-0040668,6.0,0.0,0.0,10.56,CLE,SF,21.200000381469728,2.614999830722809,14.141562,2.614999830722809,9.67343775033951,7.058437919616701,4.026687414646149
00-0040668,S.Sanders,14,364.0,3.0,1.0,44.0,00-0040668,29.0,1.0,0.0,33.46,CLE,TEN,18.604000282287597,6.019999921321869,14.376429,6.019999921321869,10.24757159948349,4.22757167816162,6.865514256954193
00-0040668,S.Sanders,15,177.0,0.0,3.0,40.0,00-0040668,24.0,0.0,0.0,3.48,CLE,CHI,13.148000335693359,13.93999969959259,16.586876,13.93999969959259,10.501124119758606,-3.4388755798339847,13.252224583625793
00-0040668,S.Sanders,16,157.0,1.0,2.0,31.0,00-0040668,49.0,0.0,0.0,11.18,CLE,BUF,15.70799994468689,11.847999763488769,13.793646,11.847999763488769,13.76235384941101,1.9143540859222412,12.230870580673217
00-0040676,C.Ward,1,112.0,0.0,0.0,34.0,,0.0,0.0,0.0,4.48,TEN,DEN,24.824999809265137,14.43999969959259,17.265,14.43999969959259,22.00000011920929,7.560000419616699,15.95199978351593
00-0040676,C.Ward,2,175.0,1.0,0.0,38.0,00-0040676,8.0,0.0,0.0,11.8,TEN,LA,12.4399995803833,12.994999885559082,16.66625,12.994999885559082,8.768749237060547,-4.226250648498535,12.149749755859375
00-0040676,C.Ward,3,219.0,1.0,1.0,42.0,00-0040676,12.0,0.0,0.0,11.96,TEN,IND,12.62999975681305,13.304999828338623,13.318125,13.304999828338623,12.616874814033508,-0.6881250143051147,13.1673748254776
00-0040676,C.Ward,4,108.0,0.0,1.0,28.0,00-0040676,22.0,0.0,0.0,4.5200005,TEN,HOU,17.5900000333786,7.930000066757202,15.64,7.930000066757202,9.87999975681305,1.9499996900558472,8.32000000476837
00-0040676,C.Ward,5,265.0,0.0,1.0,41.0,00-0040676,-6.0,0.0,0.0,8.0,TEN,ARI,16.02999997138977,8.190000176429749,16.651785,8.190000176429749,7.568215250968933,-0.6217849254608154,8.065643191337585
00-0040676,C.Ward,6,222.0,1.0,1.0,44.0,,0.0,0.0,0.0,10.88,TEN,LV,14.219999885559082,8.152000141143798,15.825,8.152000141143798,6.547000217437743,-1.604999923706055,7.831000156402587
00-0040676,C.Ward,7,255.0,1.0,1.0,39.0,,0.0,0.0,0.0,12.2,TEN,NE,13.813999557495118,9.432000160217285,15.190001,9.432000160217285,8.055999183654786,-1.3760009765624996,9.156799964904785
00-0040676,C.Ward,8,259.0,1.0,1.0,42.0,00-0040676,4.0,0.0,0.0,12.759999,TEN,IND,18.77599964141846,9.51200008392334,15.449999,9.51200008392334,12.838000869750978,3.326000785827638,10.177200241088867
00-0040676,C.Ward,9,145.0,0.0,0.0,25.0,00-0040676,6.0,0.0,0.0,6.4,TEN,LAC,10.947999954223633,9.67199993133545,17.785,9.67199993133545,2.8350000381469727,-6.836999893188477,8.304599952697753
00-0040676,C.Ward,11,194.0,1.0,0.0,40.0,00-0040676,33.0,0.0,0.0,15.06,TEN,HOU,9.965999794006347,10.047999858856201,13.483999,10.047999858856201,6.530000400543212,-3.517999458312989,9.344399967193603
00-0040676,C.Ward,12,256.0,1.0,0.0,46.0,00-0040676,37.0,1.0,0.0,23.94,TEN,SEA,14.40199966430664,11.459999942779541,13.55,11.459999942779541,12.311999416351318,0.8519994735717766,11.630399837493897
00-0040676,C.Ward,13,141.0,0.0,0.0,41.0,00-0040676,7.0,0.0,0.0,6.3399997,TEN,JAX,18.216000366210938,14.07200002670288,14.141562,14.07200002670288,18.14643793106079,4.074437904357911,14.886887607574463
00-0040676,C.Ward,14,117.0,2.0,1.0,29.0,00-0040676,4.0,0.0,0.0,11.08,TEN,CLE,13.673999309539795,12.9,14.376429,12.9,12.197570705413819,-0.7024292945861816,12.759514141082764
00-0040676,C.Ward,15,170.0,2.0,0.0,29.0,00-0040676,2.0,0.0,0.0,15.0,TEN,SF,17.91200017929077,12.564000129699707,16.586876,12.564000129699707,13.889124393463135,1.3251242637634277,12.829024982452392
00-0040676,C.Ward,16,228.0,2.0,0.0,30.0,00-0040676,9.0,0.0,0.0,18.019999,TEN,KC,13.251999664306641,14.28400011062622,13.793646,14.28400011062622,13.742353916168213,-0.5416461944580071,14.175670871734619
00-0040691,J.Dart,4,111.0,1.0,0.0,25.0,00-0040691,54.0,1.0,0.0,19.84,NYG,LAC,17.040000200271606,14.090000033378601,15.64,14.090000033378601,15.489999890327454,1.3999998569488525,14.370000004768372
00-0040691,J.Dart,5,202.0,2.0,2.0,41.0,00-0040691,55.0,0.0,0.0,17.58,NYG,NO,18.887500286102295,13.06499993801117,16.651785,13.06499993801117,15.300715327262878,2.235715389251709,13.512143015861511
00-0040691,J.Dart,6,195.0,1.0,0.0,27.0,00-0040691,58.0,1.0,0.0,23.6,NYG,PHI,14.312000179290772,15.875,15.825,15.875,14.362000370025635,-1.5129996299743649,15.572400074005127
00-0040691,J.Dart,7,283.0,3.0,1.0,38.0,00-0040691,11.0,1.0,0.0,28.42,NYG,DEN,13.448000049591064,19.005000114440918,15.190001,19.005000114440918,17.262999629974367,-1.742000484466553,18.656600017547607
00-0040691,J.Dart,8,193.0,1.0,0.0,29.0,00-0040691,17.0,1.0,0.0,19.419998,NYG,PHI,12.956000328063965,22.360000133514404,15.449999,22.360000133514404,19.86600160598755,-2.4939985275268555,21.861200428009035
00-0040691,J.Dart,9,191.0,2.0,0.0,35.0,00-0040691,56.0,1.0,0.0,27.24,NYG,SF,18.564000511169432,21.771999740600585,17.785,21.771999740600585,22.551000404357907,0.7790006637573228,21.92779987335205
00-0040691,J.Dart,10,242.0,0.0,0.0,31.0,00-0040691,66.0,2.0,1.0,26.28,NYG,CHI,18.276000022888184,23.25199966430664,14.004286,23.25199966430664,27.523713874816895,4.271714210510254,24.10634250640869
00-0040691,J.Dart,13,139.0,1.0,0.0,27.0,00-0040691,20.0,0.0,0.0,11.559999,NYG,NE,14.431999969482423,24.99199981689453,14.141562,24.99199981689453,25.282437324523926,0.29043750762939524,25.05008731842041
00-0040691,J.Dart,15,246.0,2.0,1.0,37.0,00-0040691,63.0,0.0,0.0,22.14,NYG,WAS,16.650000190734865,22.583999633789062,16.586876,22.583999633789062,22.647123908996583,0.06312427520752095,22.596624488830567
00-0040691,J.Dart,16,33.0,0.0,1.0,18.0,00-0040691,7.0,0.0,0.0,0.02000004,NYG,MIN,6.305999898910523,21.32799949645996,13.793646,21.32799949645996,13.840353536605834,-7.487645959854126,19.830470304489133
00-0040704,D.Gabriel,2,19.0,1.0,0.0,3.0,,0.0,0.0,0.0,4.76,CLE,BAL,24.87000036239624,21.804999828338623,16.66625,21.804999828338623,30.008749961853027,8.203750133514404,23.445749855041505
00-0040704,D.Gabriel,4,0.0,0.0,0.0,1.0,,0.0,0.0,0.0,0.0,CLE,DET,18.617500066757202,16.18499994277954,15.64,16.18499994277954,19.16249966621399,2.9774997234344482,16.78049988746643
00-0040704,D.Gabriel,5,190.0,2.0,0.0,35.0,00-0040704,5.0,0.0,0.0,16.1,CLE,MIN,11.312500357627869,9.614999771118164,16.651785,9.614999771118164,4.275715231895447,-5.339284539222717,8.54714286327362
00-0040704,D.Gabriel,6,221.0,0.0,0.0,58.0,,0.0,0.0,0.0,8.84,CLE,PIT,21.4350004196167,10.75,15.825,10.75,16.360000610351562,5.6100006103515625,11.872000122070313
00-0040704,D.Gabriel,7,116.0,0.0,0.0,20.0,00-0040704,12.0,0.0,0.0,5.84,CLE,MIA,21.848000717163085,7.425000190734863,15.190001,7.425000190734863,14.083000373840331,6.658000183105468,8.756600227355957
00-0040704,D.Gabriel,8,156.0,2.0,2.0,37.0,00-0040704,13.0,0.0,0.0,11.54,CLE,NE,12.5339994430542,7.108000183105469,15.449999,7.108000183105469,4.192000770568848,-2.915999412536621,6.5248003005981445
00-0040704,D.Gabriel,10,167.0,2.0,0.0,38.0,00-0040704,54.0,0.0,0.0,20.08,CLE,NYJ,17.59999990463257,8.464000129699707,14.004286,8.464000129699707,12.059714221954346,3.5957140922546387,9.183142948150635
00-0040704,D.Gabriel,11,68.0,0.0,0.0,11.0,00-0040704,2.0,0.0,0.0,2.92,CLE,BAL,12.277999877929688,12.480000114440918,13.483999,12.480000114440918,11.27400074005127,-1.2059993743896484,12.238800239562988
00-0040704,D.Gabriel,13,0.0,0.0,0.0,1.0,,0.0,0.0,0.0,0.0,CLE,SF,21.200000381469728,9.844000053405761,14.141562,9.844000053405761,16.90243797302246,7.058437919616701,11.255687637329101
00-0040704,D.Gabriel,16,0.0,0.0,0.0,1.0,,0.0,0.0,0.0,0.0,CLE,BUF,15.70799994468689,8.076000022888184,13.793646,8.076000022888184,9.990354108810426,1.9143540859222412,8.458870840072633
00-0040730,R.Harvey,11,0.0,0.0,0.0,1.0,00-0040730,30.0,0.0,0.0,3.0,DEN,KC,16.749999952316283,8.634999990463257,13.483999,8.634999990463257,11.901000690460204,3.2660006999969475,9.288200130462647
00-0040743,T.Shough,3,0.0,0.0,0.0,2.0,,0.0,0.0,0.0,0.0,NO,SEA,14.627500295639038,7.666666666666667,13.318125,7.666666666666667,8.976042191187542,1.309375524520874,7.928541771570842
00-0040743,T.Shough,8,128.0,0.0,1.0,32.0,00-0040743,12.0,0.0,0.0,4.3199997,NO,TB,17.84799995422363,0.9733333587646484,15.449999,0.9733333587646484,3.3713344573974595,2.398001098632811,1.4529335784912107
00-0040743,T.Shough,9,176.0,1.0,1.0,25.0,00-0040743,2.0,0.0,0.0,9.24,NO,LA,16.797999954223634,1.4399998982747395,17.785,1.4399998982747395,0.45300000508626437,-0.9869998931884751,1.2425999196370445
00-0040743,T.Shough,10,282.0,2.0,0.0,29.0,00-0040743,-3.0,0.0,0.0,18.98,NO,CAR,13.847999715805054,4.519999821980794,14.004286,4.519999821980794,4.363713725407918,-0.15628609657287562,4.4887426026662185
00-0040743,T.Shough,12,243.0,0.0,1.0,48.0,00-0040743,22.0,0.0,1.0,7.92,NO,ATL,16.592000102996828,8.134999752044678,13.55,8.134999752044678,11.176999664306642,3.0419999122619643,8.743399734497071
00-0040743,T.Shough,13,239.0,2.0,1.0,43.0,00-0040743,18.0,0.0,0.0,17.36,NO,MIA,14.655999946594239,8.091999816894532,14.141562,8.091999816894532,8.606437301635744,0.5144374847412116,8.194887313842774
00-0040743,T.Shough,14,144.0,0.0,1.0,23.0,00-0040743,55.0,2.0,0.0,21.26,NO,TB,21.364000034332275,11.563999938964844,14.376429,11.563999938964844,18.551571369171143,6.987571430206298,12.961514225006104
00-0040743,T.Shough,15,272.0,1.0,0.0,37.0,00-0040743,32.0,0.0,0.0,18.08,NO,CAR,9.092000102996826,14.952000045776368,16.586876,14.952000045776368,7.45712423324585,-7.494875812530518,13.453024883270263
00-0040743,T.Shough,16,308.0,1.0,0.0,52.0,00-0040743,8.0,0.0,0.0,17.119999,NO,NYJ,17.87999963760376,16.720000076293946,13.793646,16.720000076293946,20.806353855133057,4.086353778839111,17.53727083206177
00-0040784,Q.Judkins,14,0.0,0.0,0.0,1.0,00-0040784,26.0,0.0,0.0,2.6,CLE,TEN,18.604000282287597,16.15500020980835,14.376429,16.15500020980835,20.38257188796997,4.22757167816162,17.000514545440673
